1522009327
1503909988
1548709908
1572009834
1598009330
1500809249
1522909392
1583909009
1599409473
1548809407
1572409099
1527409887
1588209903
1584409002
1543309320
1509009898
1587909400
1584909942
1522709270
1503009338
1537009720
1538409299
1534009438
1588009473
1598409300
1507709089
1502209248
1524409883
1524009898
1543309909
1594809400
1500409207
1520409009
1532009007
1573409934
1544009892
1522709928
1592009392
1534409283
1592709939
1570709979
1503709984
1547909934
1584009349
1523309223
1583409779
1507009739
1524309770
1532909442
1539009044
1599009072
1500309397
1532009879
1593309904
1587709037
1597709247
1592309233
1533409933
1534909934
1598409400
1547009373
1577009300
1587009280
1574209077
1583409773
1580709934
1522309830
1583709978
1544309040
1544909293
1544209093
1588009798
1593309382
1532209207
1594409744
1549409884
1589409399
1532809900
1500709933
1583309408
1597709894
1544009907
1544309922
1527709704
1544809039
1522909839
1508809920
1522909233
1528809733
1599709074
1543309478
1530709977
1544709382
1530209009
1527009934
1574409470
1548009843
1538009882
1579009802
1527309932
1539909380
1577909089
1542309944
1543809009
1507309773
1597009293
1548909009
1537809220
1537809044
1533209722
1587709987
1599009783
1578809802
1598309377
1534309934
1540709033
1502709833
1577309033
1524009733
1588309200
1599009027
1539009307
1507009727
1538309937
1574309909
1507209337
1582009822
1538009044
1534009932
1584909300
1524009343
1582009404
1549709984
1584009807
1507709982
1598809389
1500409989
1534409239
1547309938
1589909330
1533709208
1588209780
1589909402
1524409383
1547709322
1582809377
1508209433
1502209942
1583009292
1509909304
1593409939
1523009909
1583009280
1529909834
1582209270
1533009342
1599309822
1538409334
1588409837
1547309449
1533909493
1538409983
1592009024
1532009472
1598709088
1597809337
1509309909
1523009727
1542009892
1534809443
1587809833
1524309772
1594409474
1573409332
1592209220
1537909933
1532709088
1509009873
1524409933
1528809244
1532009479
1577309708
1548909822
1529909820
1504209977
1502209778
1537409400
1507009987
1544309420
1537209934
1527409007
1593309300
1584909334
1509909702
1580909844
1544809249
1522809242
1572309970
1540209338
1592209380
1544309800
1500409299
1507009322
1574309899
1520309220
1509309939
1507009224
1529809978
1539009327
1572009802
1598409889
1500409008
1597009707
1589209009
1522309478
1538009399
1584009880
1593009227
1529009909
1539409229
1503309747
1522009239
1528909733
1578009248
1522409087
1538809707
1548709887
1527209337
1544209737
1529909028
1529709233
1532209290
1593209233
1588309407
1504709880
1547409338
1598809774
1590809924
1523009440
1500409490
1500309922
1583309844
1524409029
1533209487
1578009732
1539409938
1520409228
1523009239
1583309703
1500909378
1503309047
1590409899
1524909288
1503409330
1537409277
1579409322
1533909093
1577809347
1589009727
1573009904
1542009877
1597709989
1509309883
1588909479
1520809233
1572409223
1578709772
1573009224
1509409338
1504409924
1579409928
1599009844
1572809022
1597409229
1544009293
1599209070
1594409838
1580709880
1580209773
1597009280
1504409772
1579909274
1590409332
1570409009
1534409789
1577809883
1547009493
1547009737
1507409944
1577209230
1598209902
1588909404
1578009007
1534909833
1597709474
1570809449
1582209327
1530709928
1534009243
1533409298
1572209474
1580309972
1503009392
1549809334
1500409080
1538009032
1539009487
1509409332
1574409844
1502209823
1529909090
1504009428
1577209047
1537209044
1583209022
1533809230
1504909939
1500909797
1593809003
1578009377
1582909399
1533209938
1507209488
1547809799
1590309938
1538709377
1589209722
1522809328
1548809942
1572209248
1537909733
1549009073
1522009443
1589009744
1543309733
1588009339
1542309008
1577309030
1522009739
1522309809
1549009978
1500409847
1524309228
1599409084
1504209800
1599709848
1592209840
1533209409
1548009784
1549909442
1583009220
1543009398
1504309322
1574409948
1538009330
1528209833
1592009743
1503309473
1502009093
1543009892
1523809300
1504409298
1548309733
1503709422
1588909280
1524209299
1509909408
1548809049
1529209940
1548709009
1573709223
1579009092
1588309844
1597809744
1582409929
1522709829
1524409303
1527809938
1587009894
1579709904
1549409344
1528909949
1500709020
1509009320
1593809887
1594409372
1539009743
1534209978
1594909433
1502009209
1533009409
1574009492
1597909244
1538909987
1577809783
1532309334
1508709947
1582209972
1544009973
1573709488
1583409448
1578409337
1543709788
1577909878
1588909248
1530809940
1538709330
1537009203
1588409970
1543709277
1504709300
1542409700
1577909723
1599009437
1588409432
1598209927
1572009707
1583309949
1533709482
1533909092
1537709893
1577809348
1589909778
1507009707
1599709837
1524209008
1503209499
1597009270
1544209947
1580309440
1573709338
1537209923
1577209702
1577409337
1520409899
1542409772
1544309020
1503409422
1592409442
1542309440
1578009739
1549709909
1594009979
1577909778
1592709008
1589009228
1597709738
1543909980
1504009007
1572809332
1582009729
1549709033
1592209870
1503009703
1503209932
1539309338
1533009989
1524809003
1574009292
1589009482
1549309399
1533709907
1537009338
1532809077
1523809004
1598309882
1504309300
1549909823
1592209374
1542809332
1577009380
1582009323
1538809944
1592309887
1538809498
1543009280
1529409008
1538209927
1503009327
1543809422
1574909440
1532309200
1549009840
1537709947
1589209223
1589209330
1507909337
1544209943
1504209947
1584409297
1584009830
1593809224
1590709887
1582209949
1579009930
1537909377
1590409447
1583409700
1573409448
1589009398
1594009424
1507909979
1539009844
1523309874
1522709093
1532409229
1507009094
1578909932
1503009492
1593309398
1534409242
1583209499
1598909984
1544809709
1504009922
1500809378
1589709773
1507009279
1574009279
1537809200
1533709809
1523309409
1508409344
1583409400
1584009828
1547709820
1543309384
1577409977
1588209909
1590709009
1597709979
1544709824
1574009030
1598909022
1502409733
1548909904
1583309097
1580809332
1582009372
1538809424
1503909422
1577909924
1598809082
1527409442
1544809837
1573309202
1538209939
1543009943
1537009974
1547009499
1572909979
1500309800
1509909492
1540409442
1574409832
1500809308
1533909988
1543009379
1544009300
1528409908
1530709077
1522809748
1537809488
1539309909
1547209942
1500909409
1522309429
1532409909
1507709390
1508809494
1572909973
1544809820
1548009849
1527409773
1582909440
1544309439
1508009840
1579909730
1538309004
1527709934
1538009827
1509809977
1544809782
1537309884
1539009378
1527909987
1599409032
1548809030
1503909934
1508309288
1544709827
1522009939
1523309973
1598009842
1540809944
1592409822
1587809887
1583209779
1529009480
1549809337
1584409339
1588209240
1533009334
1582009490
1583309929
1599209073
1544909497
1504909300
1590809928
1544009309
1593209338
1599709082
1500809394
1599009429
1543009479
1593709909
1598909949
1599009787
1547409844
1507709949
1533709009
1542209427
1539009799
1574909800
1583009483
1544209428
1579809902
1582909288
1587409778
1532809388
1542709908
1549909970
1597809942
1533009202
1503409940
1544809730
1532209792
1528209889
1520909299
1523009022
1522009384
1508909949
1578809249
1593009494
1533809784
1547009743
1532309774
1589409923
1547009380
1523309807
1573009302
1593409902
1507709748
1534409394
1528409330
1592209882
1574209004
1584209433
1594309929
1547709273
1589409922
1579709733
1528809322
1528409778
1572009384
1598709932
1538009387
1593309338
1574409224
1520909989
1594409378
1543309933
1508809877
1577909228
1544909884
1577309808
1523409923
1529409903
1544309733
1579309939
1500409282
1503709977
1528809029
1542809377
1588709472
1538409477
1530309942
1503309229
1539009227
1582009440
1523909920
1527009249
1539909929
1572809448
1523809433
1548809003
1599309249
1590309923
1598009987
1534409878
1500809738
1582209892
1520709920
1532809339
1532809928
1544009844
1573909722
1507709438
1530409844
1599309780
1504909220
1537009832
1544909488
1534209088
1500309447
1577009879
1507709428
1544909070
1523009889
1598409008
1524909422
1500909443
1542009832
1592709889
1597409244
1508209929
1502209293
1533909083
1544909447
1532209823
1583909882
1573409933
1532209900
1500809339
1582009397
1502009778
1572309924
1543409947
1539009448
1524409794
1503309003
1520309980
1578409488
1547309700
1500909220
1547709249
1527309344
1509309009
1599709384
1508409988
1584709947
1543209099
1520209722
1508209004
1547009878
1509709929
1500709793
1588909382
1539909723
1533809707
1523309338
1508709233
1588709028
1578809872
1522009400
1589209939
1524409784
1507009247
1548809337
1589009220
1537709789
1539209338
1587009427
1533909978
1543009772
1533909974
1579909302
1522009988
1504809887
1574309009
1529409929
1502409229
1543009490
1580809908
1500309788
1573309842
1502009783
1500909272
1539409440
1520409920
1578809304
1542009498
1572709337
1533909883
1527209003
1594809277
1572009433
1578009807
1579909047
1544209423
1537709208
1584309970
1547009988
1599309272
1529009429
1572009292
1529209973
1529309948
1529309938
1537309984
1582009730
1593009442
1523909008
1500909830
1524709300
1533709780
1572709940
1580909499
1577209302
1579909299
1599309773
1523409924
1578009040
1537909989
1597009978
1527709930
1507709709
1593009939
1522309003
1508809084
1583309788
1549709933
1504409382
1580809700
1500409770
1520209233
1597009440
1578809724
1524409922
1577209380
1537309344
1570709948
1529409337
1503009207
1534209229
1500209700
1588909897
1579909979
1528209088
1522809942
1532909923
1539009883
1583309780
1533709388
1508009784
1529409900
1508009774
1542309442
1599809379
1580909088
1577809343
1590209339
1534009278
1589909783
1527309923
1598809028
1520209844
1549909242
1509009882
1540409934
1539909393
1592209949
1543009829
1534809883
1508009907
1522009020
1590409884
1504709477
1593009084
1572209733
1534309337
1577209342
1508809928
1542209342
1503209008
1537809344
1597409778
1589909409
1584009837
1507809887
1599809228
1504309974
1534009020
1580809440
1549909838
1582309233
1599309902
1532009078
1524409448
1593009322
1533809842
1592209727
1588309024
1528809478
1502709989
1578709339
1527909977
1537809233
1593209224
1508009202
1509009482
1534409003
1543309987
1573709927
1572009908
1544209988
1592709978
1573309789
1544309203
1588009723
1599009039
1543009249
1523809334
1583009037
1590409300
1528009490
1527009344
1530709844
1542209982
1594409740
1597709797
1504409949
1578809227
1598709332
1548709477
1598009440
1527009024
1549209907
1593009470
1532009499
1534409780
1530809887
1548809438
1549909923
1522809048
1537309833
1592809987
1539009872
1573309443
1544209824
1524809288
1577209779
1583909322
1507209448
1522009092
1508009794
1500409434
1507209330
1549809928
1572009300
1503409988
1572909002
1548809904
1537209228
1507009390
1548809273
1583009932
1548309770
1587209044
1592409938
1532009343
1549909033
1522909722
1534909227
1548309928
1537009020
1532009240
1529309900
1598309943
1530909989
1577309203
1543009822
1543009708
1590309924
1544009799
1508009829
1574309022
1599309729
1599209890
1500809830
1544809338
1537209440
1524009904
1572209322
1582209872
1538209948
1549909399
1524309949
1522309704
1548209277
1532409700
1508909902
1522009004
1544809944
1530809933
1543309428
1573809233
1580809338
1524709877
1582809982
1570309989
1579409442
1594009920
1533709024
1528809749
1589209978
1503209778
1548809400
1507709944
1570309377
1599409049
1549909708
1522709073
1529809982
1582809399
1507709273
1584209388
1508809383
1504809044
1528009782
1574409972
1539709903
1500709028
1503009837
1599709938
1534409737
1547809973
1542309799
1573809923
1509709773
1504409282
1542709933
1522409789
1500809073
1543809277
1500409380
1593009223
1592909920
1504409974
1500909032
1522409884
1583309483
1593809900
1548309337
1582209049
1584409809
1540209733
1594409738
1534409279
1538809392
1538009982
1587709742
1579209900
1588009722
1547009980
1533909477
1547809974
1589709277
1588909480
1532209228
1590209477
1542209780
1570409779
1533709087
1538009228
1578909822
1539209449
1533909877
1502209080
1573309382
1532009482
1502209729
1503809907
1540409388
1577309939
1502209838
1504209440
1592209770
1592209079
1597709748
1540309772
1577209008
1573309802
1572209798
1599309928
1549009203
1527309422
1589309889
1532809984
1528309422
1537709703
1522409283
1574709822
1522409373
1522009009
1537909774
1590309277
1539309902
1547909008
1532909044
1594209277
1572009483
1583009808
1538409388
1597709294
1544009977
1503009084
1522809973
1572909433
1504409003
1527709048
1577409809
1588909883
1524709700
1527409004
1522809837
1503409338
1578009437
1544009928
1523309904
1507009942
1534709773
1578009897
1547009009
1527009802
1540209277
1534909938
1599309733
1502009823
1508809029
1540409903
1502009092
1584009989
1500209884
1588909748
1544209394
1549809223
1574309733
1544809330
1522709479
1538809797
1534009809
1543009079
1529009784
1599409823
1528009973
1528909920
1539009403
1508409940
1522409007
1574209499
1524409404
1594409098
1524009277
1508809227
1500409394
1524009802
1534009887
1543909223
1577909934
1523209800
1583009732
1570209344
1500309483
1520709447
1549809774
1548909940
1572009327
1574409377
1534409409
1504409344
1537909788
1527009732
1542209498
1549709399
1500709879
1578309004
1594709980
1508809272
1537409443
1532909928
1583009470
1589409443
1542709770
1509009792
1584409720
1523209938
1577309488
1522809429
1599209720
1588709079
1529009703
1580409300
1599709790
1537009320
1578809380
1527409833
1592809228
1582409988
1584709974
1548009380
1500209924
1500309048
1599409033
1522009224
1544009472
1500409284
1590409977
1579709422
1598809039
1538009028
1507909003
1570409499
1532209747
1522409988
1580709044
1533409832
1500209202
1544009722
1500709273
1577909809
1509409902
1527909940
1574209939
1522009883
1529209877
1584009724
1522709043
1587009704
1537909924
1582009424
1533209933
1577809778
1599009204
1582709883
1547709740
1542309722
1530209949
1579709772
1528709877
1579909039
1592809937
1542709200
1582009043
1592209492
1529009979
1530709987
1534409884
1509709977
1509909794
1578009892
1523209923
1597909903
1523209399
1584009427
1593009003
1549209942
1573709332
1579909022
1539009323
1573009004
1500209322
1520809933
1544809702
1594409282
1589309980
1533909973
1570309443
1533009203
1589009439
1544309044
1530809499
1588309979
1504809388
1544309722
1599009393
1528809473
1589909940
1582709337
1599809007
1538209477
1579009429
1589709987
1508009704
1579709932
1542309982
1528709943
1534209973
1540809927
1589009942
1502309009
1509209447
1593009739
1593009899
1582309422
1588009028
1537209330
1572409920
1594009200
1540809022
1523909939
1544909207
1503709338
1542009072
1537009404
1528009924
1579309778
1574809920
1548809302
1592709338
1578209772
1539309002
1574409738
1572009344
1548009748
1502809778
1538209973
1530409337
1597209002
1500809229
1597009098
1588909739
1598809709
1507009424
1582409022
1524309778
1592209878
1597809988
1543209338
1542009287
1508009749
1583309833
1543009073
1500809920
1509409978
1587209330
1544009279
1548809879
1533409283
1532009702
1504409743
1502009387
1577809389
1590909980
1579009848
1533209344
1578009298
1503009740
1543009794
1539009787
1592209277
1549409442
1503909299
1587009828
1538809833
1570409322
1582309944
1534409478
1577009208
1503309822
1579909437
1500809879
1547709890
1503809377
1528809020
1549309774
1574909882
1523409948
1589009844
1503909907
1582209302
1588409840
1547709499
1544309843
1594209883
1577209743
1532209037
1528809089
1584409922
1543709899
1520709887
1500909094
1549309987
1503909033
1538809209
1597309744
1547709392
1523309024
1579009878
1502809773
1537709983
1509209388
1592209904
1509709007
1588309223
1549809884
1580909233
1593309242
1588709920
1509309099
1502709033
1528809874
1540909788
1599809343
1537709080
1573009873
1508009809
1507409900
1594909200
1523909449
1540909947
1539309908
1547709330
1530409774
1503309709
1530909778
1577409028
1529209007
1523009438
1574809774
1583309047
1543409299
1574309223
1503209722
1527209229
1548809327
1572009933
1592709077
1538009227
1504209770
1547709884
1593009299
1573409044
1588009828
1589409907
1599309942
1539909730
1572209249
1583309729
1548409929
1509209932
1570209932
1529909224
1570209882
1589409488
1599809039
1542409779
1533809403
1543709949
1573009490
1574809779
1593009290
1584809983
1594009023
1583309023
1582409499
1577909003
1539009470
1537309982
1578809482
1573709943
1583409200
1539009093
1503009788
1540309337
1539009903
1580209008
1573009323
1599309882
1582909822
1500909748
1543309809
1572709900
1599709230
1522809874
1503409770
1577409493
1547909377
1509909774
1599709322
1548809979
1503309899
1572309779
1599209840
1542709932
1583909949
1592009443
1509809337
1523309479
1542209382
1598809942
1597009843
1587409844
1548809498
1529309044
1599009822
1579909787
1520809337
1533909389
1523909908
1504409872
1574309929
1549809922
1597209449
1529909029
1577809782
1508809483
1528809339
1527709390
1528209944
1507809982
1538309300
1509909937
1597709933
1522409742
1574809330
1594009402
1507309947
1500709782
1500409883
1520909377
1502009279
1522009097
1582209347
1599309322
1533709320
1577909390
1593809447
1587009043
1594209400
1578909477
1587009083
1520809009
1579909978
1587409988
1547309229
1548809840
1592709940
1534409798
1539909938
1588409829
1522909824
1529909909
1503309378
1590909903
1574309337
1504809008
1507709443
1520309300
1572209277
1533009880
1539409907
1597309499
1583209937
1582009034
1537009094
1534809447
1594309927
1534409348
1534909877
1540309022
1522809800
1588709792
1520709770
1577009309
1549909204
1500709723
1548009009
1508909899
1577909944
1594009089
1588909902
1537409920
1534409280
1534409299
1587009397
1533809422
1527709788
1580409229
1504009008
1520409779
1544709403
1542009792
1589709388
1588309042
1503809974
1543209200
1588909283
1542209944
1529209022
1538309299
1598009782
1529409300
1544809789
1598809823
1599009978
1532009438
1599309924
1582009430
1538709229
1522009930
1533709887
1582209807
1504409748
1599409340
1520309004
1533209903
1527709044
1589809003
1502909949
1597709742
1580909983
1582209003
1527409774
1502009894
1547909388
1574009028
1522409277
1522409480
1507009008
1528209332
1599009400
1587709832
1534409930
1589009944
1589309228
1523409224
1544309890
1590209277
1583409004
1579009099
1508809929
1590309337
1593309320
1589809984
1532309982
1583009883
1599009422
1578809923
1582009344
1580809977
1529009343
1504009234
1507709343
1532309722
1528809289
1522709842
1537709238
1509909889
1522009843
1583009823
1582209308
1522009934
1588209243
1520209987
1522309034
1540909477
1544709409
1574909099
1594709077
1504809974
1503209088
1584809800
1599009807
1588409247
1502409930
1522309828
1572709338
1544909729
1508809347
1588909707
1502409982
1587009943
1578009409
1524409087
1582209230
1540909920
1504409878
1578009839
1593909008
1524409027
1532909233
1597209229
1533209327
1583209943
1534409729
1538409338
1599409783
1547309088
1547009329
1522709442
1593309282
1574209449
1589009042
1577009802
1548009379
1508409077
1539409443
1588309930
1584409089
1574209770
1588909347
1544309899
1598809003
1540409007
1507709974
1500909933
1524309788
1587709380
1544909303
1592709933
1527809989
1538809024
1573809922
1572009830
1523909974
1599409472
1543409009
1594809033
1587209422
1592909947
1572209022
1574009732
1537209339
1542409942
1543909882
1577909344
1578009044
1539009499
1529209288
1574309334
1572009720
1509909922
1597009242
1590409007
1529209332
1529009034
1590809772
1544309700
1582409233
1538009904
1532309974
1504309447
1577309729
1539909440
1500709799
1522009033
1508009743
1544909830
1587709392
1580309774
1522909879
1504409929
1599209349
1527709377
1529009038
1578709399
1588009437
1589809442
1509009029
1599709443
1598809094
1573309927
1572409907
1574209322
1584809978
1538309903
1524809442
1500409488
1597909887
1537709924
1522909737
1578009089
1527709427
1588909772
1578809274
1577809097
1527709892
1572409800
1508009284
1542209084
1502009494
1582209372
1577409488
1503409022
1599709337
1577909242
1503309283
1598009348
1528709899
1579009873
1504009449
1584209883
1540809904
1570409244
1509909932
1538809933
1539009004
1593309088
1530909970
1502009028
1579809033
1502009973
1579709088
1599809700
1523409970
1549409233
1573709002
1578809342
1570809943
1549909739
1594009029
1572909744
1597309442
1542009924
1538309330
1529909498
1504009380
1588009204
1573709973
1547009839
1524409807
1549709942
1549909327
1573009072
1530409883
1587309877
1584909779
1524009420
1584009408
1599709233
1504009877
1524809934
1583709822
1544809023
1507809980
1577409840
1522909734
1587709240
1593009087
1548009499
1504809299
1584309077
1548309982
1578909433
1582009077
1509209887
1572409229
1543409938
1582809883
1534009480
1534909339
1599409837
1540309922
1539009032
1592009973
1594709883
1529009390
1537009894
1573409982
1543309204
1502309244
1582309733
1579909727
1597809733
1593309022
1577409448
1570809007
1538409988
1599409730
1529809924
1538809303
1520209988
1574409320
1578009787
1528409923
1578409299
1598009772
1520209973
1542809449
1594409337
1508809980
1507409979
1574009498
1578409447
1599309422
1532009323
1539009788
1587209909
1529009843
1570309334
1533209249
1500309809
1548809332
1532909899
1524009477
1507909887
1537009078
1577209078
1500209303
1589909047
1503009793
1509309044
1524209400
1584009024
1538809287
1597209889
1523709932
1527009087
1548209200
1532209498
1502009884
1530309943
1597309982
1534209927
1500309402
1502009098
1587709080
1533409897
1527009442
1500409030
1527009007
1549009079
1598809499
1584009709
1584309223
1579809923
1539409889
1597009773
1590709934
1582009943
1548309227
1593709033
1508709800
1582009780
1584709722
1577009087
1504909943
1544709479
1507009090
1579409944
1502009439
1507009879
1549909788
1599709828
1500409409
1523309933
1508809370
1524909299
1599309887
1542009008
1570709088
1500909223
1509709979
1548209770
1589009443
1592009398
1593709233
1527009987
1573009798
1547309800
1538809478
1574409724
1544909922
1537409399
1500409044
1539209722
1539309229
1529909403
1599409347
1527009342
1524709979
1593309839
1599009340
1572309928
1587709078
1533209328
1509909284
1598809440
1544809492
1587709797
1508809230
1539909329
1542209422
1578209909
1529209449
1594309700
1544809849
1502309948
1507009747
1524909433
1508009020
1539909243
1547709344
1532309947
1537909903
1599309707
1524009090
1522709299
1594009893
1549009404
1574809227
1598209233
1594309233
1584809008
1589709800
1588309747
1528009848
1500909897
1527009822
1539709974
1504009980
1534009974
1527909877
1548809209
1522309397
1574809799
1573009920
1570909338
1548809823
1522909087
1539809300
1537209088
1573809388
1549009843
1507709398
1509409987
1522709884
1523909934
1542209040
1508809288
1584009833
1573809942
1527009780
1598209008
1533709423
1577009742
1520809947
1588409742
1544709440
1594409030
1542909922
1572709833
1580809978
1529909207
1500909393
1584309433
1588309027
1582209907
1527709290
1502209330
1593409772
1533809320
1500909324
1583309887
1594309982
1578809277
1590209800
1528809823
1588709283
1542209488
1542009429
1598009340
1587709077
1588709948
1543309028
1589809973
1573309477
1589209299
1579209228
1507209077
1529809449
1534809844
1534009949
1599409284
1500409283
1589909874
1598009047
1529809877
1533009723
1502709978
1599709047
1577009797
1588209800
1548009299
1524009380
1578309300
1587209937
1570309889
1584409978
1522709374
1507009087
1577009288
1599809373
1593709978
1533409794
1594009838
1504809330
1542009207
1548809249
1594209929
1548209980
1527209880
1533009207
1599409824
1504209927
1524409840
1502309932
1500409938
1548009907
1500709802
1523809744
1580809887
1528409947
1590809422
1524709099
1537009927
1528009980
1588409770
1502009338
1528709973
1500409088
1549009084
1504309943
1539009874
1543309930
1533709472
1599209978
1529709388
1538009309
1507709328
1599709774
1577409779
1573009024
1588909409
1592709920
1532209073
1583809770
1523009407
1574309338
1502709944
1533809847
1529009080
1579909470
1589909299
1547009802
1500209297
1502209388
1574009097
1500309084
1544009748
1592309442
1580309929
1532409844
1520909322
1523809288
1530409933
1542709880
1590709904
1577009240
1539409288
1527709989
1577309047
1534209779
1537209904
1588909448
1527009703
1544809247
1588909720
1584409934
1508209880
1599009440
1589909283
1504909344
1572209799
1584909773
1542809944
1577909899
1578809737
1520709844
1508809749
1577809433
1577309834
1593409978
1520309887
1577309409
1548809983
1533709837
1599309294
1507709024
1549009729
1533709740
1544209230
1532209974
1527009782
1597709204
1543709338
1502209704
1574009490
1503009322
1539909430
1578709972
1544809883
1577909223
1593009390
1582009482
1500709290
1509209948
1542209090
1540809449
1507309277
1590809982
1533909843
1529009877
1590809077
1549209902
1594009392
1588409200
1529309233
1538809483
1583409884
1503309743
1522309490
1507309929
1584009247
1578009884
1587709328
1574009327
1500709039
1523309980
1572409433
1583909277
1543309790
1548409940
1509309338
1500209738
1582809924
1544309387
1502909844
1522309220
1533909294
1577909273
1539209099
1504009302
1588209793
1588909784
1572909938
1588309337
1500209894
1599009230
1539009203
1572009824
1587409008
1534209942
1587309488
1528009097
1524709338
1522909070
1542009902
1527709980
1533209044
1523009732
1502909022
1548809830
1533409498
1587009229
1529009372
1538709928
1500409702
1572309949
1599309897
1587709982
1547909899
1534409298
1540909008
1500709728
1533209232
1587709938
1502409799
1544009933
1597009499
1590709884
1507809974
1597909300
1573809009
1543309272
1584009407
1539209948
1544709240
1502009389
1577909747
1599009897
1599409270
1520409939
1509009424
1529009234
1523809908
1507009433
1509209774
1592909447
1533409397
1579909247
1588909499
1587909930
1522709230
1574709920
1544709047
1503809799
1504409834
1598209277
1582909982
1598809490
1528809229
1522909379
1544909443
1532409277
1540309788
1583309487
1503909244
1589909042
1532909903
1583009798
1584009808
1522809703
1573309007
1549909877
1542209099
1548309773
1582309930
1594009024
1534009872
1570409773
1579909823
1587709803
1538009739
1578009242
1599009473
1579909020
1538209844
1523409077
1528809728
1588209972
1574909970
1532909844
1508009887
1584009824
1528909228
1507709009
1579309883
1577209880
1589909279
1534309779
1500409848
1529009982
1500209200
1500409223
1597209844
1572009778
1579009720
1534409700
1543009737
1549909909
1598409924
1508809303
1580309779
1583909228
1527409907
1532009909
1523009708
1509309228
1529009938
1529909707
1544909809
1589909727
1587809972
1524409272
1537909233
1572209409
1529209337
1580309228
1587009289
1594209488
1574209733
1520909983
1530309399
1588709084
1539809929
1523309292
1537709204
1593009839
1500909870
1572209232
1539009729
1503009440
1529009283
1544309073
1587009909
1539909422
1529309330
1533709232
1579709983
1573409922
1574409794
1577209742
1584809980
1504009038
1503709774
1577909432
1587409088
1539009098
1533709020
1599409989
1589209399
1503009472
1504309924
1539709778
1577009094
1583409002
1504409874
1597209903
1523709900
1542709088
1532009070
1544009483
1590909947
1548009904
1547909227
1579909497
1540409722
1522309839
1542209734
1572809088
1588709448
1589709007
1599809304
1530909937
1599709833
1548009242
1538009872
1543209833
1533209308
1570409099
1599709722
1588009904
1588309040
1578309224
1549809972
1597709303
1573209937
1589209887
1530409233
1542009887
1528709938
1522809209
1579209227
1509009077
1508309904
1533709070
1593209973
1509809044
1593009878
1500309839
1572909499
1579009073
1529009987
1588709309
1584009039
1522009489
1578309244
1538809449
1523709009
1540709229
1524709044
1533409430
1577009942
1599309738
1508009942
1578309979
1539409909
1598809029
1593809322
1522709070
1599409490
1520209977
1528209947
1572009928
1582009829
1573009849
1533409284
1583309404
1592009734
1543809900
1597309988
1599209422
1520209448
1533909404
1533709989
1508909228
1530309338
1584209220
1593909903
1548909377
1539409422
1522409040
1549709982
1584209979
1504909733
1592309447
1590809744
1537009002
1570709772
1520409948
1523209882
1532709923
1522809244
1580809299
1598809879
1577909882
1547809923
1589009833
1537009739
1548809470
1579909930
1544309897
1583309379
1527209228
1530809229
1598209099
1508209002
1542009488
1594409403
1592209007
1527709274
1539909748
1590709772
1508809829
1548809228
1524409983
1522909202
1528009708
1599409338
1523309702
1594409932
1504709773
1503009982
1503309987
1529309877
1573009042
1570309277
1597209938
1522909248
1548209008
1542309883
1579009390
1549909072
1524409734
1522009840
1582709229
1548709022
1537809400
1588409988
1577009343
1540209002
1547009772
1592009980
1544309079
1577309044
1574009247
1504409449
1597409440
1598809489
1509809339
1538009238
1549909088
1544909490
1582209042
1549009097
1589209909
1500909049
1579009438
1577009042
1507909909
1522709238
1529009939
1584009803
1533709709
1580309077
1528309899
1582209979
1599009720
1587209338
1588709843
1527709339
1582209334
1599309382
1509909878
1522409079
1588709290
1522309772
1597209904
1524009244
1534809988
1593909443
1522409493
1508409228
1527009433
1527409903
1548909980
1580909449
1598009907
1527709798
1524209987
1572309904
1594309884
1588909488
1533809789
1573009484
1522809923
1504709920
1523809984
1577809804
1547709307
1579909499
1537309334
1520709223
1509909022
1593009272
1598009037
1504709900
1534709227
1574209934
1594009307
1574209344
1543809300
1500809770
1549809973
1500709792
1533209272
1580209940
1530709982
1582009897
1542409989
1523009292
1509009443
1547809943
1507009402
1592309422
1533409330
1588909224
1503909022
1543009704
1599709844
1574409020
1577009908
1530809788
1507309884
1529809902
1587709874
1500709720
1549009822
1532009288
1507009748
1579209433
1548309778
1572009723
1533009378
1530409288
1533909080
1527809977
1583009824
1508409939
1529909087
1537709394
1532909779
1509309700
1520309934
1570409440
1577909389
1520409229
1593009074
1529009479
1589909722
1507409922
1588009390
1579009037
1578009702
1587709293
1570909970
1577409249
1509009207
1572209804
1523009902
1537809880
1592809337
1504409478
1503309933
1504009939
1597209299
1544809923
1509409923
1599209443
1528709770
1573309324
1589009923
1504709877
1577309389
1528409977
1504909008
1579209007
1573809400
1583009224
1574709223
1530809889
1577909804
1539909739
1524909988
1504409407
1503709277
1507709280
1599709700
1509709377
1527009393
1509309977
1570809338
1544809207
1549909793
1570409344
1592709344
1503209974
1509409722
1589209940
1524709422
1594909778
1503809337
1542009743
1503409987
1544209803
1522709447
1533909323
1597009234
1587709002
1534009787
1508209448
1530209332
1593309334
1547809970
1594009449
1508009439
1577909030
1524809907
1532409938
1582009828
1573809004
1544209238
1522009748
1538209987
1538709442
1572909889
1523409774
1597009982
1593009747
1548309229
1542309330
1537009347
1548909744
1522809784
1594309943
1500909297
1547709429
1583309202
1522809247
1583209002
1502309229
1574009723
1530909928
1500709899
1543209977
1503209822
1532209804
1570709970
1522409377
1523209044
1574009374
1502009099
1574009023
1507009439
1574309937
1524409308
1529009929
1598809739
1503909930
1530709033
1538809038
1594209887
1593909800
1548009203
1588909948
1582209948
1590909900
1500209242
1542009939
1509009399
1532809229
1579009338
1507009744
1592309978
1579309877
1543909003
1539009483
1528009398
1573709899
1548209939
1543809970
1588909489
1503009038
1533009020
1539009283
1588909887
1574209778
1502009330
1527309930
1544209290
1537709084
1584409829
1522009470
1534709099
1587209334
1597709903
1538809240
1500909247
1532209870
1502009023
1523809330
1529009277
1502209393
1542009027
1503909334
1549909372
1529409007
1598009394
1592309002
1548209778
1538809824
1549409774
1594409808
1539909934
1528709884
1587209233
1500309828
1599309037
1549209447
1532909788
1533809049
1587309973
1594009432
1528909399
1502909989
1537009370
1579909279
1533409490
1504009092
1544809980
1507009344
1530309909
1522809034
1588909842
1532709449
1570909299
1527909899
1577909327
1520409989
1548209004
1579009983
1547409332
1542209402
1587309244
1589309772
1599009808
1503209744
1502309288
1588409822
1534009209
1534309844
1538809004
1588309782
1503409332
1549009484
1570809882
1598709844
1528009007
1529809944
1520209922
1549009432
1544909237
1523009793
1533409273
1500209933
1520309947
1502309980
1589409983
1587409337
1533209288
1528009380
1529409979
1528309388
1500209379
1573009407
1547409788
1572009039
1592809334
1577009789
1537309449
1548309980
1574309227
1508409970
1593709433
1570909400
1507709473
1593809227
1588309097
1509309477
1544309332
1502209929
1549009099
1534209939
1527409882
1592209029
1537709390
1598809827
1500409744
1584709932
1592909948
1582809989
1542909422
1523809929
1529409004
1542009784
1597909948
1584409498
1508809390
1508209833
1573009779
1530909233
1578009949
1592209970
1580709447
1547009443
1508009882
1548309077
1594009408
1548709299
1577009878
1578209449
1583909044
1527009302
1522409702
1504309433
1594009774
1527709942
1524409338
1504409704
1538709980
1538809908
1504909002
1537309980
1583309430
1577009703
1524009788
1579709233
1528809928
1503309032
1577409289
1532009920
1573009442
1503209880
1577809447
1544209073
1540709880
1509909008
1579009023
1593909929
1579009003
1544909329
1537009487
1579909788
1529809233
1530209944
1572009399
1504009208
1508909322
1597009238
1508809940
1572709930
1502709887
1503309724
1538009429
1523009898
1584209448
1509909838
1572209083
1529009298
1547709093
1577309208
1598009920
1597209882
1542709883
1579809224
1599709277
1587909299
1582009078
1537009724
1537909499
1598209229
1597009244
1539309224
1597009037
1533909980
1507009049
1542709299
1522709487
1533709023
1508209334
1574209788
1507409774
1509909347
1544009740
1533009809
1528809294
1524209922
1582709974
1572209890
1573309790
1589309008
1597809979
1583909334
1540309982
1528909799
1527409228
1537909773
1532409330
1572209043
1594009079
1508809380
1549409008
1574009200
1572909924
1579209877
1587209904
1537709004
1549809220
1593009724
1584009443
1533809794
1522709707
1500709732
1534809077
1508009883
1507709807
1589209989
1503309748
1599309007
1589409932
1592209940
1594009370
1577209007
1508909972
1547009897
1598809898
1572009823
1599809943
1530909924
1523009483
1504409482
1538709299
1593909344
1534309440
1579309033
1597009848
1533809378
1503309887
1524009890
1542409388
1537009294
1543009309
1599209838
1520909744
1544309889
1532009039
1594909009
1547709003
1579009480
1580209440
1508009028
1588409224
1582209942
1577909227
1522009730
1599409408
1572909200
1503909909
1587209488
1544809344
1528809883
1594909929
1534009482
1544809328
1520409332
1533409742
1599309384
1537809884
1502209370
1500409070
1508809847
1542709973
1537809377
1538209988
1547709882
1538009023
1532209272
1580409924
1502809422
1530709003
1577909034
1500709207
1584809499
1578809744
1509909934
1543709934
1522809023
1539809233
1593309233
1509209903
1594409788
1542809942
1579009874
1592009070
1538009490
1504009803
1593909980
1509009389
1507709933
1588309883
1570309779
1538909949
1539009430
1583309284
1588209732
1532809744
1593709988
1582909937
1503009309
1538909449
1582009497
1592209293
1592309223
1592009942
1524009424
1502009340
1582209894
1537409948
1522809278
1548809803
1538309733
1504009878
1543009973
1594009008
1588409804
1543209300
1530709422
1500209770
1533909882
1507409877
1588409980
1520409007
1594409074
1547409982
1583709433
1573009800
1577309773
1503309434
1594809200
1522809440
1598009889
1587409899
1504709779
1577909098
1588909348
1577009922
1589009873
1593909884
1599009904
1533209002
1504009882
1547909928
1599009220
1523709882
1579709773
1599309003
1538809383
1588309302
1593709984
1540309924
1533009382
1522809779
1528209822
1594409837
1524809899
1537809927
1522309872
1509909802
1503309477
1579009237
1534809200
1529209244
1579309449
1524409973
1583009842
1522309007
1549009798
1549409733
1584009748
1578309988
1599809082
1542209729
1599809024
1599709908
1507709040
1502709322
1522909038
1584409830
1542009224
1547009894
1574009722
1527709908
1507209929
1584009489
1597709494
1532209882
1508409422
1524409704
1504009342
1577009842
1593809044
1597709443
1573009844
1502909733
1533209848
1592009889
1589909383
1523309249
1548909977
1522309080
1523409907
1594209399
1502209472
1524409988
1530409778
1529909320
1544909202
1503409930
1502809200
1588409337
1524009403
1529909238
1573309892
1592809922
1582409477
1593209980
1598809437
1579209442
1503709902
1532809788
1589009909
1598009939
1544309487
1504009472
1597009077
1522809248
1522409934
1527809338
1523709744
1524409902
1524909377
1599809284
1593409903
1548009877
1589009022
1543009320
1500709202
1598809724
1524009290
1533409887
1577409342
1587009439
1523409980
1544309743
1582709947
1544809340
1504309900
1508809908
1544009838
1522009894
1588009089
1592209373
1529209299
1539209447
1548809988
1533809893
1538009377
1504809930
1502209789
1584009224
1579909887
1599809793
1584209822
1548809704
1599309292
1528009479
1599209748
1547209980
1524909088
1540909779
1588009807
1540309733
1574809927
1544209402
1572209447
1533709342
1528009237
1582209324
1539009008
1509809927
1573409277
1527009389
1543909924
1500409372
1528409377
1597809927
1573909779
1508409400
1522709022
1533809337
1599809074
1527709484
1503709033
1527709238
1530809344
1593309277
1592409778
1578309773
1587209978
1529009223
1538009729
1543309490
1537009249
1539209908
1547909833
1584709903
1544809047
1507409972
1544809028
1597709079
1577009909
1592909904
1538809092
1594909889
1549309223
1508409800
1542409844
1588309090
1539409044
1534709772
1599009930
1509309223
1547309984
1597309338
1599309099
1593009793
1504809903
1522809094
1502009784
1539909022
1590709744
1543409443
1547209979
1579309300
1522709799
1574409277
1549709978
1547909904
1530209233
1540909907
1577209877
1524909903
1509709233
1598809298
1583309090
1593009974
1598009870
1542209208
1522809092
1509709449
1533809740
1547709087
1533909443
1598309229
1542709772
1582809979
1503309838
1588009202
1522309073
1583009092
1587709393
1583009293
1532009393
1500209743
1502209489
1549309499
1588409293
1598409980
1502009244
1582309980
1520709974
1587709322
1582709988
1534909229
1577809830
1573009803
1538409902
1543009233
1543009900
1577209898
1534309884
1588409737
1532709228
1509309882
1592709887
1537009797
1587209442
1540709907
1588209827
1594709788
1502709880
1597009820
1523809088
1594409384
1542409924
1533809343
1549209433
1530909332
1577309909
1592309988
1572909003
1582009923
1583909982
1502009288
1599409398
1574409249
1594009344
1549009439
1523009878
1527709224
1579009733
1534209822
1598909948
1523709388
1540909899
1532009309
1500909494
1544009879
1588209479
1579709942
1597809904
1502009047
1594209447
1542209047
1573009734
1577309487
1533009740
1588209878
1597809948
1504309499
1529809977
1527709890
1533009408
1533709429
1533009073
1527809300
1588909243
1577309908
1582409220
1529009090
1594809443
1539209982
1527709204
1544209074
1547809822
1503709770
1548909937
1549909279
1598709887
1592209372
1573809788
1503309224
1500409437
1543009782
1574409234
1594009322
1539909044
1523409937
1509009840
1549709099
1523309392
1522909428
1578709973
1574009979
1589709377
1502009848
1597009343
1582309099
1542209822
1522809909
1574009047
1574409940
1539009432
1578809394
1593809907
1547709292
1573009733
1582209423
1578209987
1577909224
1573309343
1524009489
1582009929
1539209822
1544009303
1549909448
1532809008
1584009292
1539309944
1588209084
1504909920
1509309332
1524409798
1598809877
1578909979
1547709408
1589909922
1599009942
1502209847
1522809344
1589909009
1544809329
1524009907
1509709883
1524809277
1583309294
1590309922
1574909033
1583809877
1533909203
1503009097
1572009803
1543009983
1539709943
1524409007
1599009707
1592409973
1588309972
1598309220
1528309337
1503009349
1544809003
1584809433
1592909044
1584009297
1580909700
1583009984
1547409009
1509909947
1593309330
1540409077
1573409008
1537009809
1529009742
1549009380
1573909907
1547009297
1507709940
1533809970
1593709979
1502209220
1528809788
1578009032
1584209223
1583209880
1584909744
1538809094
1504009232
1534409728
1592209292
1534709003
1544309042
1533709298
1584009839
1542209487
1598209220
1507209004
1577209004
1587009249
1529909443
1548009934
1578909943
1577309498
1587009272
1527709834
1537309220
1593009387
1597809984
1524409748
1529809277
1593009938
1572009087
1599309029
1502309973
1532009024
1582009277
1544709839
1573409002
1549909073
1577309003
1528809893
1588909870
1523709400
1592709947
1574409907
1547709804
1524009383
1572209003
1588009972
1580809934
1507709234
1502009797
1577809927
1524409039
1573009893
1574309799
1500709204
1547209700
1589709833
1590709002
1523909200
1584809700
1534309220
1577409738
1544909738
1577409023
1548309334
1542009233
1543309402
1532209370
1539009923
1508209889
1502209309
1523309720
1598809979
1520309973
1529009077
1537709387
1500909383
1547309884
1538309322
1522009323
1522709292
1524009323
1544909703
1543309934
1593309709
1507709093
1572009293
1587009349
1597809077
1544709742
1579309909
1509209900
1548409882
1542009497
1578209970
1579909397
1532209890
1500909292
1543009489
1598209948
1529309844
1509009038
1522009880
1529909799
1584409737
1537709237
1583009244
1589409400
1529409223
1500409920
1504709388
1522709240
1537709908
1594409707
1582009838
1582809943
1594409923
1508409442
1527309400
1523009899
1524209447
1587009282
1508809700
1549009894
1542209243
1582009027
1522809073
1509009279
1583009822
1577809740
1570809009
1532309220
1509009304
1534309902
1587909920
1578809980
1533409437
1572009392
1573909903
1523709044
1577209490
1548409339
1590809200
1570709922
1594409398
1599309220
1594209733
1582409224
1593009048
1504409320
1522809442
1548409778
1524009234
1593409800
1543009972
1502309900
1578809828
1538009020
1507709943
1537709879
1584409439
1589909238
1543309788
1538009442
1592009480
1537909949
1572409299
1588009042
1530209934
1504909923
1542009928
1524809299
1522309293
1593309893
1588209330
1503209933
1538809033
1534409403
1508809480
1593309489
1583709920
1544309792
1523309420
1503209937
1533909407
1529009978
1574009220
1533709822
1548209448
1549909887
1589909347
1509009343
1597009934
1594309970
1522709388
1573209883
1527709283
1542209008
1532409779
1582009093
1588409472
1577209480
1593309227
1587009030
1503309728
1503309380
1500909784
1547909977
1593009402
1544809073
1588709790
1597409332
1504009904
1593009988
1597009338
1539009404
1503309408
1523209970
1593909877
1542009820
1527809443
1583409003
1502209209
1542209772
1588409904
1532409228
1500309090
1502209783
1592009790
1507909744
1524409742
1529209227
1593309989
1580409322
1523809220
1574709433
1509009803
1592409448
1584209988
1539909924
1538009799
1529009893
1528709002
1592209829
1537809833
1573209988
1509409008
1543009884
1579209488
1574409349
1528009779
1583809940
1534409277
1540909938
1503009989
1503209244
1577909448
1538209934
1599709899
1599809490
1547909922
1580909399
1593309442
1588709704
1583009008
1509909484
1570909332
1507309822
1533009980
1540209932
1582409733
1528009470
1507709898
1544009720
1507709427
1587809449
1549309009
1548809894
1548709223
1573009347
1549909047
1543309834
1584709977
1572209320
1598809940
1537809987
1509809400
1573009270
1574409793
1547309927
1540309937
1522909088
1532009874
1539709949
1570709008
1577809808
1509409970
1502809044
1503709938
1528009732
1574309002
1544309323
1539009349
1588009749
1524709977
1593309400
1503309083
1589009399
1597309943
1500909284
1528909339
1577309804
1524009228
1504709722
1588909384
1544809798
1574409078
1527909920
1529809907
1522009873
1540209007
1580709932
1538909338
1532909337
1542209204
1533409839
1599009373
1589909033
1549409944
1532009009
1544709007
1590409448
1520809773
1509809099
1584309477
1522709384
1529009024
1539009320
1588909249
1508209902
1547709083
1590809499
1599009292
1587009792
1500309833
1528809979
1578809743
1589809988
1520909288
1544009930
1538409700
1594209988
1593009229
1508209923
1500309877
1508309979
1577209032
1528009487
1508309440
1549009327
1540709244
1589809833
1532809332
1508909477
1593309293
1572709974
1579909203
1544209447
1592309744
1578909800
1588709092
1534409908
1547009247
1577009774
1529009349
1509009843
1597309077
1587209002
1504409849
1532709334
1570709499
1599409880
1548809790
1533009440
1508209978
1527009890
1503209227
1502209297
1542009889
1548809270
1522009477
1547409934
1590709774
1538909937
1548809897
1572009700
1544909023
1599409397
1544209433
1580409903
1583809833
1577309840
1504209299
1578009737
1532209487
1583309493
1590309334
1509909782
1507409334
1544809037
1504909770
1532009988
1537809974
1537009300
1599309238
1590909779
1597309973
1547809939
1594009047
1523409300
1523309934
1534409937
1580209978
1583009029
1537709449
1583309287
1538009403
1544809040
1523209982
1502709733
1573909300
1543909939
1544809442
1507009838
1573209299
1542009487
1542209372
1597309778
1539809399
1542209448
1520909220
1599209832
1520709288
1548809392
1578909928
1584409739
1580309778
1509909070
1593409774
1583209948
1503009089
1577909080
1589909093
1574409787
1580909339
1593309437
1500209423
1593709288
1538909880
1524009923
1548709499
1502209700
1543309743
1533909770
1507709490
1529809884
1540709877
1522009700
1599309944
1584409989
1590909088
1589709799
1599209308
1572009849
1530409937
1523309802
1542009270
1590909433
1538409400
1524409792
1534009340
1538809802
1502209292
1544809220
1504409830
1529909483
1582209842
1538309930
1507409224
1528809004
1502009429
1500709430
1534809224
1592009290
1578809037
1574209224
1542209482
1532209034
1583409449
1508809893
1528009434
1542809477
1509309908
1540909984
1509909987
1532209209
1590209399
1530309400
1579009770
1590709903
1542809988
1500709094
1500409347
1548009470
1528309779
1528809408
1587709727
1539009248
1529009780
1522409338
1584409387
1549309984
1529909978
1582209828
1589009279
1524409732
1503209300
1534809388
1533809744
1598309332
1538909943
1522309432
1508309972
1587409902
1537909288
1598209908
1589809934
1578409227
1580409773
1588909482
1509909249
1547809337
1547809733
1598809720
1577209382
1534009407
1522009070
1597009932
1548809792
1523009002
1597009232
1538709008
1544909408
1582309903
1527709244
1500209087
1500709300
1599209043
1527309099
1584209909
1533409780
1534709449
1529909982
1523009923
1580809884
1548309442
1593309734
1500709734
1594809929
1572409344
1582209098
1577409277
1593309890
1534909400
1524009809
1599809838
1582209833
1598709770
1589809880
1597909774
1508309003
1538409722
1548709984
1523309830
1500309232
1508009288
1544709234
1538409447
1527209947
1544209209
1527709787
1584309044
1574409329
1520909447
1507209947
1532009730
1594409020
1540409972
1522009980
1574009928
1590209920
1527209989
1549709022
1599409830
1584909227
1582709220
1538209929
1542209270
1544209792
1589909422
1549009078
1520909337
1570409477
1573909288
1500809709
1597009039
1527809980
1524009070
1502209482
1542209728
1528709928
1533409893
1538909942
1503009304
1533809943
1527009423
1594909088
1578709288
1597909989
1504409297
1509709882
1527709799
1599409842
1538309774
1532409799
1524309939
1527809944
1530709344
1573809943
1504009970
1508209337
1530909344
1508009870
1578909778
1532409499
1580209770
1534909924
1528809388
1528809844
1588709074
1504009729
1587809770
1589909077
1573809822
1527009790
1594009737
1500809703
1534009424
1527909733
1504709033
1579709779
1572709928
1574009809
1583009720
1523909942
1574409934
1583409937
1523309407
1599309899
1532909774
1572009974
1508309939
1573909022
1570409933
1599809882
1533409002
1572909733
1583909330
1540309077
1527709437
1527709842
1522009322
1547709094
1532209297
1537209700
1530409947
1543009948
1572909984
1582909934
1540409940
1539809934
1548009973
1543409799
1548209844
1520709339
1599209792
1528809427
1524709822
1528309844
1502909002
1542809904
1504209773
1508909907
1528809394
1502209473
1542209322
1522909092
1509009847
1524909009
1532009747
1504409473
1528909939
1577209288
1548709822
1544309393
1544209329
1579209770
1578009243
1544809432
1577809034
1522809089
1587009233
1588209220
1573909099
1573009880
1508909924
1500909422
1549909922
1599209780
1578709033
1593909499
1547809773
1570709899
1527809978
1502209249
1532209872
1593309209
1523809977
1520309399
1584009077
1584409224
1533709738
1540909007
1500209842
1573309924
1593209772
1598209978
1579909282
1584409789
1542309227
1539209002
1579009498
1583009428
1524009943
1583009987
1580809388
1598009343
1540209077
1529909788
1583309847
1588209700
1579409932
1508309229
1538809409
1540409902
1533409034
1500209309
1574209904
1589809980
1549009830
1504709937
1549909704
1573309344
1579009294
1579009342
1503309072
1588309070
1590309338
1533209388
1508909433
1530409422
1502009804
1593709220
1522709423
1573409722
1578709984
1570409088
1532909009
1573309932
1589209929
1538909220
1504009942
1527909773
1587709242
1507009920
1584009979
1524009400
1539409880
1502009922
1533809380
1599709228
1509309937
1530209440
1508009224
1520709722
1529809889
1520209088
1584309907
1594709877
1527709280
1574009802
1523909779
1593409930
1594409023
1528909778
1592409989
1508309799
1508409930
1597409008
1532009922
1534909989
1500409840
1578409948
1590809277
1538809237
1520909927
1523909887
1522409794
1500709932
1509009380
1588409809
1588409430
1533209944
1502009383
1548309774
1547709833
1598809833
1502409887
1543009847
1584409948
1533209383
1592709099
1572409882
1597009948
1522409439
1599209408
1544909322
1548009098
1572209429
1574909299
1579009082
1577009738
1592809443
1592309932
1503009202
1589909749
1527709338
1544009922
1582009823
1544309084
1587809903
1570809344
1589909282
1523009947
1507709877
1534909928
1522709424
1599209342
1597709272
1509909409
1534909220
1584409239
1578209880
1544709384
1583009493
1533409094
1574409797
1500209904
1523009737
1524409838
1542909007
1527909822
1544709900
1534009292
1500309889
1532309887
1508309903
1573909943
1598909099
1589309883
1533909733
1503009423
1502009273
1570709009
1500909323
1588309382
1543309338
1579009433
1549409334
1507909937
1594009389
1570909908
1547409700
1573309909
1530709779
1544209739
1599809042
1500209733
1592209944
1523309204
1502309923
1500809734
1577809849
1583009093
1594009032
1538409924
1579009784
1500209083
1533409488
1548809938
1544209940
1527409440
1594309288
1537709483
1533809200
1548909928
1593009090
1573809907
1588409028
1548809387
1584709880
1577209798
1543309894
1523309743
1573809330
1577009794
1589909428
1500409078
1509409224
1599809384
1584409088
1507009270
1542209202
1590709477
1524409747
1520309007
1547409900
1528809944
1549309943
1528309773
1528809443
1578809320
1570209399
1582409339
1500409977
1500209774
1507909943
1522909798
1594009944
1543009798
1527809288
1537809770
1537009284
1532409924
1588909077
1587909344
1583809337
1508709332
1582209703
1592209080
1594009282
1529009494
1594309228
1587709704
1542009228
1573809770
1509809200
1593409399
1547009424
1537009903
1542209939
1577209947
1593409099
1502009742
1502809007
1577009327
1532709909
1549409887
1508809844
1599409838
1533009724
1523409003
1572209984
1578409929
1583309234
1533409778
1599809729
1503009789
1590809987
1532209087
1548809948
1599409794
1547009284
1584909833
1582409772
1597409934
1577909923
1593709004
1522809987
1543709008
1504009084
1544309730
1593309203
1599309728
1500309987
1592209800
1523209974
1549409987
1522409437
1549909878
1584409039
1594409872
1577209889
1548709773
1500809989
1583009879
1528209788
1522709724
1598209488
1583809907
1500909207
1544709923
1527909927
1582309880
1544909747
1589909382
1503709844
1534009237
1509909280
1504409497
1593909788
1548709334
1582909948
1533709933
1539909474
1592009032
1547909773
1590909907
1538409443
1599709979
1599709377
1508409773
1577909803
1583009020
1588309849
1577409293
1500309292
1530809928
1570409844
1529909839
1534009492
1534409480
1500709284
1529709928
1522709227
1528009023
1578009799
1547709278
1574309744
1537309877
1592009944
1534009387
1534009737
1589409940
1594409072
1509909982
1502309004
1530209937
1588909009
1577809482
1523309902
1527009308
1532009020
1547709239
1593009043
1599809289
1504409923
1520309377
1530409889
1532009790
1544009470
1577409730
1582309744
1584709099
1570409977
1500209048
1572809970
1532009779
1508909989
1577409280
1503209887
1504009320
1583309894
1522409300
1533409070
1548809878
1522009432
1503009948
1507009700
1577409947
1500309728
1533909478
1582409447
1500309078
1522009847
1549909234
1583009277
1503809927
1522809707
1599209498
1500209772
1584409033
1590309882
1599709288
1542209480
1582009890
1544209227
1574809982
1574809943
1544309280
1574909877
1584809200
1532009397
1577809784
1574409870
1544709080
1509009892
1572209202
1593309228
1577409270
1589009898
1584009348
1502209948
1504409729
1537209488
1534409499
1544209473
1542909934
1577209077
1577009737
1503009090
1588709344
1549009797
1577009980
1537709030
1504409240
1520209949
1579209883
1582009899
1540709400
1578009028
1528409443
1532709799
1548209744
1584909902
1508009844
1542009884
1539909008
1599009349
1503009892
1549309933
1599209932
1533009803
1547709823
1529909270
1579909900
1502409980
1590409909
1533409879
1587309903
1548809349
1549409244
1587809939
1523909722
1549909009
1527909928
1544309347
1543309988
1504009902
1522309328
1584309339
1590909477
1547709838
1549709334
1503709909
1504409802
1594709447
1598409337
1572209884
1538709973
1533209422
1589009224
1583009893
1544009429
1534909440
1533809447
1548309989
1509909239
1522909700
1529009093
1588709032
1573309279
1532009770
1544709844
1520709400
1509909779
1587709892
1574309773
1599309870
1579309900
1598909932
1504809933
1579409880
1500209079
1520709337
1592709930
1500709439
1548009397
1547409902
1588709077
1599009939
1529009294
1544809227
1543409300
1532209088
1593009037
1597009882
1508009847
1589209889
1532709339
1532309422
1529009232
1529709800
1520209388
1504009928
1500809829
1539409004
1524009287
1583309839
1523309894
1540809330
1504409227
1573209448
1504009738
1529909734
1589909779
1508809047
1594409438
1582709978
1509909747
1549909248
1597009233
1593909088
1507709947
1584809774
1529409934
1533009482
1522409029
1527709348
1572209399
1537909778
1502209723
1547009487
1597709492
1524309927
1577309390
1538809770
1577009083
1523309080
1508309944
1507009848
1542009370
1547709908
1509409433
1593309387
1508809440
1578809042
1577909822
1573209900
1598009838
1538309929
1502009880
1599809942
1539209377
1584309442
1500309300
1592809044
1572409883
1529409244
1597709377
1587709249
1549009887
1508809724
1532009233
1500309884
1540209800
1504409384
1524409832
1572209207
1582409884
1544709340
1503009482
1580309377
1577809397
1577309439
1547009879
1593309274
1522009882
1573809003
1594709800
1524409487
1509409770
1582009792
1583309322
1583009248
1599309744
1522809743
1503009794
1543009434
1580709902
1573909932
1579709433
1592709977
1584709200
1500409028
1583309803
1577409700
1544709299
1537909033
1582909944
1583709900
1582209939
1523009294
1599009224
1500709790
1580809779
1573309484
1544909087
1542009284
1502209227
1584409898
1527809942
1597709932
1534409489
1597409099
1599709388
1548409927
1587809233
1597809923
1588209922
1599709704
1537409929
1578809778
1533909889
1538209779
1594309332
1537909779
1577309482
1588709929
1574209477
1579309399
1582009489
1544809448
1594709773
1529009730
1594009332
1547009933
1508409880
1570709883
1504309944
1588409278
1504009907
1533709987
1508809703
1542409937
1543809948
1524909229
1537409844
1548409002
1572809772
1532409344
1578809838
1597409277
1548709982
1500909447
1522009480
1503909200
1540809778
1548809480
1537909982
1598009438
1598009443
1582309228
1532709377
1592209973
1508809008
1540709909
1597009394
1592209324
1577409240
1584709770
1522809728
1537709780
1593009343
1588209402
1599309883
1593909770
1592009977
1542209824
1578809324
1533909420
1522009707
1500309394
1588209929
1588009099
1532009824
1587909903
1528709339
1542709433
1529309944
1500209932
1527709293
1588309827
1540409799
1537709327
1534409927
1500709373
1549009289
1574909822
1592209040
1592009089
1579009039
1538809370
1582809223
1504009087
1588409874
1544709834
1592409440
1548309973
1574809978
1530409449
1528409008
1533409387
1547009287
1530209978
1549009309
1502809088
1583709972
1588709298
1573009747
1590909334
1529009807
1544909700
1547709728
1589309900
1582209303
1544009882
1577009437
1572209377
1500409037
1533909378
1597809987
1529209322
1573309740
1572709932
1504809884
1597009023
1590809889
1588209900
1588909334
1573309483
1543009087
1580809930
1542809200
1577909787
1579009022
1502209094
1528409844
1542909223
1540709940
1502009434
1534409397
1532009902
1542309943
1533709478
1594009747
1523309228
1589009397
1539009440
1503209972
1522909300
1544909092
1537809922
1509709973
1528809048
1542009424
1590709233
1500809407
1578809900
1583309872
1528309930
1507409300
1523709904
1540209822
1549909349
1573309792
1588209748
1537009988
1539309938
1580209973
1522709429
1529909484
1597209988
1532409233
1587209477
1529809004
1500909727
1573809399
1574709077
1579909080
1524909773
1500209409
1588209842
1529309988
1570709288
1528709882
1530809244
1589009488
1502309908
1544709478
1589909244
1500909707
1523709979
1579009929
1542209739
1578909344
1508809933
1522009082
1582209709
1534809973
1533209904
1542009722
1538309984
1577309983
1529909497
1587009423
1583009238
1529409400
1527409744
1593009829
1589009293
1522809474
1573009334
1578709002
1579409974
1509009729
1530409377
1594409807
1532909908
1572209949
1543309377
1534009832
1503309973
1537309009
1548409920
1529009403
1593009228
1597409927
1593409882
1542009870
1588709377
1572209940
1533009473
1523009789
1578709889
1589809088
1534309338
1540209388
1574809299
1589809400
1580909882
1533909287
1500709988
1582909332
1588409830
1592009939
1547009079
1520909937
1597909220
1587009440
1572209493
1533809474
1594009479
1524409297
1583309724
1502909970
1544709893
1509009483
1588009903
1534409972
1574409074
1503009402
1529409940
1577409478
1542809920
1593909322
1500309392
1592309883
1532709338
1503309807
1593309497
1522909898
1588009898
1574009938
1582009877
1570209447
1544709494
1582209847
1547009742
1584709433
1588009743
1528009978
1598809244
1522909078
1522309887
1599809499
1509909827
1538009297
1544009020
1598009247
1533809398
1537309337
1588209204
1598209924
1502009878
1544709073
1577009808
1589009927
1549009409
1582009940
1592209230
1587709899
1532209392
1537909448
1544909480
1594409747
1539409882
1538009423
1549409880
1530909224
1534409393
1540709008
1520709978
1533009924
1527709474
1522809088
1503409228
1580809099
1579809920
1534909700
1584309779
1542009043
1544209834
1524409978
1549809988
1577009028
1548409077
1502009722
1578409499
1500909783
1538209700
1589909738
1527709332
1533009779
1544209379
1574909937
1583409899
1570909927
1583209930
1570809433
1538909908
1539009789
1572409903
1580409277
1502209498
1584409280
1500709798
1532009947
1524409334
1530709970
1574909907
1530209770
1528709900
1577809739
1538309334
1577209848
1538809447
1548009023
1577809292
1504309942
1587409003
1534909940
1583309034
1577909008
1503009483
1537009493
1502309277
1528309932
1540209970
1570809979
1583809884
1594409307
1507209228
1524209937
1523009740
1577309342
1594009784
1542909088
1522709849
1502809388
1542209039
1503309489
1549209233
1588409934
1540709799
1502209403
1590809388
1533409788
1537009097
1508409983
1588709702
1508409277
1577409749
1544209283
1593009727
1583409033
1548809827
1577909797
1500709474
1570809883
1549909330
1540809388
1527709399
1579409887
1583009403
1538009003
1503209948
1573709299
1540209400
1507009977
1500709487
1579809442
1538009943
1533809978
1538309980
1528809908
1534009374
1599809207
1500409879
1572409224
1588909478
1597909022
1583909233
1500809430
1522709283
1594009492
1507709299
1589009928
1577309903
1597809477
1579409744
1523009873
1533709400
1542209922
1533009907
1597009892
1589009949
1504409839
1522009393
1544909398
1509309220
1500409972
1578009970
1599309908
1580309889
1570809984
1528809240
1523309823
1529009747
1538009492
1508209449
1529909244
1599009902
1543909007
1549209929
1502209844
1534009280
1533209338
1587409799
1587809334
1572009729
1503409744
1589909078
1533709424
1544809829
1502809099
1599409094
1593909004
1500709047
1599709428
1597709930
1509809900
1507709470
1508409932
1574209949
1540409477
1520209007
1583309344
1592309928
1580909779
1522909244
1534309977
1597709232
1503309482
1573409400
1543409224
1573909334
1599009420
1500809807
1538209983
1578009837
1529909480
1537709339
1503209332
1502909788
1532209098
1533909273
1580709200
1538009382
1533409088
1500909749
1598009932
1592209289
1507009792
1598009724
1533809272
1529909400
1520709399
1520409887
1533409443
1528009783
1529309442
1507009972
1570309972
1537009943
1584009322
1574809800
1523309792
1538709949
1528709004
1578309228
1573209004
1504709003
1577909403
1598909970
1587809008
1593709989
1598309227
1509909228
1577809030
1528809402
1589209944
1522409737
1547709090
1532409923
1502009233
1528409942
1528309033
1520809002
1599309722
1539209229
1503309348
1527909488
1503809978
1598309772
1533709340
1599709392
1532309377
1598009044
1544709030
1588009939
1529309978
1592209848
1504009049
1594909927
1529909094
1549909807
1577309297
1570409939
1578009024
1582009402
1589009327
1544309449
1599209783
1508309929
1593809880
1509009448
1503709233
1549909928
1583309282
1580709773
1527709227
1540209220
1508909988
1592309077
1549309932
1544909723
1532009292
1599709730
1587409449
1523409779
1532009097
1534709933
1577409800
1598709974
1590309979
1592209389
1589309004
1504009098
1582209278
1529209939
1524009479
1592409922
1587009478
1527709878
1577009043
1548009037
1599209920
1503809982
1544809737
1580209228
1544809788
1599009922
1599709490
1543209442
1524409894
1528309978
1504409470
1583009733
1583209227
1548709339
1530209008
1572809972
1599409249
1503009872
1588409004
1539209088
1597009089
1532409773
1540809700
1548409773
1507709708
1538009723
1547709298
1578809473
1544309980
1537309008
1528909377
1508709448
1530409200
1530409903
1587709724
1543909800
1587009729
1537309989
1582209048
1599309203
1584009802
1500909987
1599409348
1530709229
1507209449
1533409773
1533409820
1544909808
1589409228
1500909828
1588209707
1500409034
1578209920
1583209003
1528409399
1502009230
1582009390
1598709930
1572009779
1583409887
1522409398
1573409377
1543209907
1598909987
1548009073
1539209233
1572009002
1592409889
1584909332
1577209083
1593309044
1578809929
1583709002
1598909972
1579809922
1594409702
1509309003
1532209203
1598809382
1574309044
1529009392
1588209447
1572909008
1503909099
1504009077
1504009733
1527409022
1548009283
1542009499
1574009049
1528809433
1578009432
1577209073
1594209903
1504009944
1509709077
1529409449
1577409340
1589009323
1509209009
1599709200
1523409883
1573709822
1509209799
1534009848
1577409907
1592209390
1592409077
1588309304
1508409499
1592209922
1583309824
1589809779
1530709477
1530209887
1593309729
1534709932
1589409344
1579009203
1533409489
1539009830
1522309920
1578009492
1540709344
1579209932
1578209022
1574709923
1543909938
1532309477
1508009379
1584209088
1527209338
1534009227
1540909228
1537009793
1573409088
1549209200
1588309229
1528809899
1538709770
1533809233
1578809072
1533409089
1548409899
1530709948
1544809294
1578309099
1599309393
1522009920
1592209383
1592709332
1522709732
1527009937
1592309770
1593809733
1524009438
1504709288
1530309229
1504909044
1597009009
1544309378
1542209320
1592209399
1598709924
1532209072
1574009788
1543309892
1528409477
1584709220
1578009088
1527009809
1574709899
1508809884
1532209299
1537409448
1594009404
1537909422
1594909299
1599209093
1547709803
1527709337
1537209920
1588209290
1542909077
1588009008
1549409930
1588309720
1589009332
1590409979
1500709370
1504009742
1540409977
1577409898
1578009299
1508809434
1500209922
1533409047
1537009398
1598009322
1578009334
1597809844
1579009432
1520209044
1529909784
1540309844
1502709339
1593209924
1588209472
1599309243
1549809779
1500409427
1577309943
1583009782
1570909907
1584009932
1533809823
1534309883
1577009303
1523209442
1544309429
1547309003
1533209380
1572709033
1572009820
1542209948
1520309902
1527009793
1549009722
1504809923
1533009022
1577409089
1593809022
1522409889
1599409072
1593709227
1584309909
1522709303
1503309393
1573409877
1534809008
1504709330
1547809927
1533209022
1589009483
1527409923
1574709974
1577809384
1503009072
1523009423
1538409772
1524809488
1570309022
1599009838
1537209433
1599409273
1537009787
1522009703
1502009890
1534309880
1587409223
1504009934
1527709343
1580309799
1599409432
1527409988
1523709929
1588209838
1533409372
1588309002
1539009433
1542009834
1548709008
1570409200
1543009898
1530709244
1529709442
1577309728
1578309899
1597709784
1584209443
1534009232
1504709938
1523409022
1524409702
1543909934
1530709227
1532209200
1580709229
1534809399
1579409970
1584809949
1507409008
1590209440
1544309727
1500309948
1500309342
1597009743
1500909474
1587009800
1502209770
1533409949
1547009433
1578309779
1502009492
1597009298
1500809970
1523009848
1523209900
1539909980
1503309002
1507409200
1597209983
1530309982
1573309839
1593309438
1544909837
1549009870
1599209724
1589009330
1574809833
1578309008
1533709439
1523409442
1520809228
1533009737
1588909439
1528009230
1549709903
1539009900
1533909394
1540309388
1523009230
1592209947
1500309899
1504409340
1574309920
1598009742
1523209942
1597009334
1592909978
1508009923
1549409388
1589009700
1547309887
1588209407
1570809770
1539009727
1507009947
1524909970
1598909920
1599009002
1530209800
1533009228
1537709427
1548009434
1588409223
1533209429
1539209388
1587209932
1527909844
1572009800
1522909442
1599309778
1589909342
1577209084
1599409337
1583409939
1528809288
1502209337
1587709430
1539209904
1583309339
1533409240
1599309802
1538009837
1593809948
1542909772
1534709883
1523309447
1504309339
1524909833
1580309772
1527409009
1509909233
1500309382
1594009837
1578809498
1589709970
1528009229
1524809937
1539209932
1522309748
1530209880
1574409083
1593709088
1507209229
1594409772
1543309482
1522709827
1588309372
1527709844
1539309277
1528709880
1544209308
1572709443
1578909003
1544809470
1507809920
1574409427
1528009433
1590909920
1522709304
1530209779
1502009200
1572209832
1520709942
1549309344
1579909074
1502009232
1528909388
1573909224
1598209880
1583909973
1574409380
1520209200
1584009040
1572309443
1599409843
1542309972
1578909947
1593209007
1523009242
1582709944
1547009344
1598909722
1549709007
1532909228
1582309923
1577209984
1532409933
1593209388
1528009420
1574409734
1573009802
1502409983
1574809934
1544009029
1582009894
1592909909
1542909003
1543409989
1509809903
1582209477
1589709227
1503009743
1542009200
1533209220
1574409404
1532009228
1520809440
1530709447
1532709443
1544709482
1542209299
1503009344
1528709377
1527409799
1599209877
1543009824
1580809980
1588309080
1549009033
1507009927
1507209937
1504409288
1584409077
1590809833
1532409224
1583309708
1528809894
1599409890
1524409970
1577009877
1573909344
1594409883
1500809783
1538209003
1502209093
1592009340
1598809707
1592409974
1549909332
1529009847
1577009900
1503309882
1537709897
1589709939
1582009338
1570809299
1572709773
1504909908
1503309470
1524409003
1589909293
1574209973
1508709442
1529809948
1508009027
1540809902
1534809904
1537709024
1524409223
1530309778
1597009489
1538809720
1549409980
1538309943
1572009004
1522709788
1577809334
1533809390
1598709944
1572009234
1547409903
1597009722
1598409299
1593809943
1544709822
1500809287
1507009808
1548409449
1593009798
1502809883
1522709049
1507009933
1574309889
1547709723
1578809074
1532009890
1578809272
1533709733
1594409339
1532209323
1507409499
1588709282
1598709900
1588409774
1542009707
1584009229
1509009837
1544809734
1582009908
1527709487
1503309729
1533009294
1540309927
1583309774
1588709484
1599209902
1578209948
1597709278
1572209979
1528009288
1584809947
1549009230
1522309430
1532409339
1584309943
1588709384
1578209007
1527409970
1572809288
1543709928
1583309484
1578809090
1577009440
1503709972
1524209833
1500409234
1522809889
1583309893
1548809348
1587709948
1538309884
1538809040
1570709322
1572209099
1528009739
1500809230
1544809877
1539009402
1527709243
1578209277
1504409380
1532209724
1598809409
1573009328
1538309344
1577009237
1584409048
1577309242
1578209009
1578409899
1508209200
1533709247
1583009903
1574309722
1529909308
1579009470
1572809077
1593309002
1549809974
1584309443
1583309394
1524009427
1549009740
1587409920
1537709724
1572709244
1544309820
1588209887
1577309742
1504409339
1539909402
1540809907
1523809700
1538809983
1587709440
1583309037
1598009793
1584409977
1544309784
1528009299
1578909338
1528009722
1583809934
1533409982
1534409027
1579009939
1594709989
1522309243
1522409799
1527809983
1540409008
1542909929
1598809793
1599809303
1573009708
1527709702
1588409843
1598809809
1544309490
1524809970
1523909899
1598409200
1500809428
1548209224
1534809772
1524809788
1528809400
1574009042
1599409748
1529409938
1522709370
1522309024
1588309840
1500809940
1509309889
1507009949
1573809433
1579409980
1503009784
1527009834
1577809933
1540709899
1599309392
1503409299
1520909982
1574809300
1527809923
1522309700
1504009308
1524009977
1500709844
1577409490
1573709922
1547709294
1544209334
1520309223
1527409229
1598309700
1537709022
1597209344
1530709008
1507709233
1502009983
1524909987
1587409940
1500409449
1574409949
1593009377
1592809229
1583209909
1577209329
1503409779
1527009280
1593709200
1509009280
1584709933
1507709897
1594309987
1504009083
1524909934
1543909880
1583209877
1542009020
1548009239
1573009988
1548909988
1598009249
1509709799
1509409400
1500309077
1540809004
1577809077
1548709934
1588709973
1599809933
1507809442
1599209338
1549409907
1584409727
1577009780
1538809847
1524209322
1542009427
1507709239
1570209788
1589009732
1577809327
1527209934
1500909893
1588309348
1588409289
1594009349
1523809978
1579309947
1572909844
1594409327
1580209944
1500209974
1577209734
1532009938
1583809002
1574009070
1528209773
1507009983
1573009948
1522409894
1587209773
1522309229
1598209923
1544309943
1579909879
1533709743
1529809337
1548809370
1583409772
1537709472
1522009080
1597009484
1599009730
1503309287
1529009027
1548009474
1587809937
1538409903
1578809848
1548409988
1502209349
1543909722
1520809334
1534409840
1528709929
1547309223
1507709843
1573709904
1582209204
1500709408
1530709949
1548809072
1533009284
1577809479
1540909772
1534309332
1533009937
1530309882
1574209987
1508409923
1520709987
1538009424
1500809044
1502009889
1538809488
1594809440
1523809937
1574709982
1504209344
1592209273
1527709739
1544209220
1574809229
1540709933
1508009808
1522309834
1592309877
1507309044
1598809090
1527909774
1530809447
1573309848
1584009949
1548309882
1523809003
1522709439
1588309327
1548809489
1583009247
1572409488
1577309932
1584009809
1502809904
1527209300
1594209947
1574009948
1589009987
1582009820
1577809734
1587709743
1504309889
1543309829
1590209788
1537909300
1588909820
1573909927
1527409983
1549909070
1570709700
1549209908
1529809772
1528909902
1544209003
1579009337
1592209287
1587309499
1589909943
1523809943
1524009397
1573409788
1537709037
1573309882
1533709249
1587309799
1544709398
1589009078
1537909887
1530709778
1577409989
1523909973
1529009497
1580209899
1587009228
1544209709
1579409334
1570809799
1543309392
1549009488
1507909902
1592309288
1508009782
1588709897
1540209322
1577409039
1523009433
1524009432
1572309938
1592209433
1527009424
1578909300
1508209983
1532809909
1507209903
1598809702
1527309220
1580709008
1589909482
1500409940
1583409924
1599809020
1588309022
1594309984
1529709488
1547909822
1500909229
1573209928
1530309799
1589909832
1522709720
1597209004
1507909923
1532309877
1572909899
1572409900
1577009278
1547009074
1588309272
1503309829
1583809330
1588709272
1582009472
1523009232
1544709042
1578709883
1592709244
1527209433
1547709032
1583209934
1549909723
1579809939
1599309829
1584009003
1529809044
1502209390
1548809824
1542009823
1527809227
1507309002
1544809038
1593409987
1522309098
1504009900
1548009790
1572709377
1534309773
1504709227
1582209923
1590309300
1584809943
1582009834
1592409228
1544809343
1523309227
1530209224
1544709424
1527709482
1593309082
1539209400
1500909429
1509009940
1540309974
1507709029
1532909822
1598809330
1529309887
1579009442
1542209329
1509409330
1549909207
1502209322
1547309930
1507709297
1522809787
1597709048
1548209920
1574009798
1502909882
1522909239
1500909028
1500809904
1549909937
1528909887
1577009392
1500909977
1530409008
1503309947
1573009723
1529209770
1538809823
1503309094
1528309008
1572209374
1590809927
1574009072
1549009947
1508009037
1599709440
1583709983
1599009970
1508809392
1587409443
1594009493
1503809949
1500709488
1592009328
1574209822
1594409200
1539009833
1507209033
1537009280
1572209244
1544309208
1587909700
1522009497
1579909389
1504909800
1594009780
1504409807
1532709200
1537709890
1538009709
1588209328
1599809027
1549909784
1588309908
1583309827
1507409977
1588909233
1544309824
1537009920
1579709833
1522409842
1593309484
1538909400
1503009230
1599809799
1572009734
1588309724
1584409882
1543309083
1500209930
1579309223
1500309938
1524409234
1547409974
1588709392
1509309900
1509809770
1534209770
1533909424
1529909404
1588909230
1538709224
1500209724
1524009093
1589309982
1537309903
1534309722
1532009498
1504809949
1589209943
1528809320
1502009703
1522409393
1580709944
1537209229
1578809472
1523209822
1534009483
1594809902
1528709499
1534909088
1542209290
1588909030
1589009479
1523409880
1544309929
1509909709
1582209300
1532909322
1572809884
1587809733
1583309830
1593009389
1587709040
1508809237
1522409793
1597309920
1504409303
1544809300
1547009377
1500209477
1548809722
1532809844
1527009234
1599209434
1599209388
1537009274
1508809274
1547309339
1589909082
1533809940
1537209774
1599009834
1533009903
1524209022
1524409240
1594009490
1588409040
1570409920
1588209088
1599409872
1524009038
1502209274
1527709428
1578809393
1599409900
1522009784
1574009024
1540709770
1537309934
1599809337
1508809320
1540209884
1503309084
1537009394
1502009920
1579909090
1574409039
1597809972
1582409448
1548709443
1503209988
1522309770
1547709737
1509409947
1539809943
1522409443
1587009798
1507909989
1584209477
1578009490
1534809033
1549909228
1538009804
1522009342
1577209307
1597809443
1528909924
1593809972
1504809022
1574709337
1572909700
1594009927
1529909440
1572209389
1549909380
1540309399
1543009987
1500209870
1578809243
1544809438
1532009337
1588009230
1573009400
1593909300
1548009889
1583009302
1577809377
1509909402
1524809443
1598009877
1570309922
1507709842
1503309204
1547709027
1539009334
1574809009
1577209493
1583009839
1509009708
1597909477
1583209447
1504009784
1543009234
1587309220
1529009899
1597309044
1599709407
1544309239
1598909244
1592009434
1500209890
1543809722
1532909948
1524009407
1549009792
1597709723
1507309880
1544209804
1522409809
1500809824
1599309494
1544809872
1537009289
1500209332
1598009944
1528809290
1544209288
1597909988
1527709223
1587309334
1522809078
1520709022
1507209907
1522909324
1504409898
1509909229
1544209228
1579009790
1584009030
1599009093
1529909884
1528009977
1548009084
1589009347
1522309343
1592009774
1528809909
1509809844
1580709939
1589009983
1500909039
1504709923
1570709338
1540309449
1587209227
1543209929
1524009237
1587709432
1598909744
1574009239
1508709930
1594209228
1537709740
1579909330
1577809223
1548809842
1579209948
1522909949
1529009237
1587009874
1577009009
1579309442
1534209277
1599309938
1577309308
1502309907
1542809337
1539809772
1534009303
1543009883
1537009322
1530709277
1599309434
1539909278
1547709979
1539309949
1529709422
1594009243
1500909473
1577209497
1522309029
1543309773
1589909928
1539809022
1502209340
1522909980
1584009404
1520309022
1593309344
1549009374
1542309443
1548009880
1597309902
1532009092
1547009202
1502209347
1540409880
1509309887
1538009720
1522009387
1523009378
1504309007
1507709449
1588409284
1572909440
1588709224
1537309442
1504409397
1594809982
1588309949
1538009908
1508209903
1584409027
1527209899
1549009988
1532209380
1509009489
1593009780
1538809942
1528209733
1502209433
1533809077
1532909939
1529909204
1524009947
1589009338
1509909978
1544209022
1520909779
1549209008
1539209927
1508009478
1578309933
1500909277
1507309877
1589909700
1502309884
1508709909
1577309327
1532409942
1520709943
1507909449
1527009390
1598009074
1530409943
1538809779
1593409229
1527309927
1533409383
1543409778
1573309980
1540409499
1534009940
1580409930
1598009807
1520409889
1524409738
1578409978
1597409880
1582009282
1500809347
1588909303
1523909224
1548309772
1587009387
1503809223
1597709879
1547409440
1570809233
1529409722
1579809339
1594309744
1534209449
1592209830
1530809334
1522909397
1579709938
1543409980
1542009070
1583209929
1542209720
1577909442
1534409482
1543009393
1530709377
1537709389
1544309077
1539909298
1504209400
1524909033
1539909433
1530409399
1500309349
1538809848
1598009323
1587809884
1580709882
1577409798
1573709300
1599209982
1589909430
1523909944
1592209232
1549009880
1578809792
1549709233
1500709008
1574409274
1584709077
1524009394
1528809803
1577309877
1508009373
1582209024
1598809038
1537909228
1524209337
1572209228
1544309492
1529709882
1500909398
1529809942
1584409983
1589009894
1598909400
1500709789
1527409220
1520709970
1509709944
1534409794
1508009490
1538409899
1580809400
1582809844
1544209790
1524809800
1539409228
1573309234
1572909978
1533709223
1577809284
1528009920
1502209287
1538809739
1547009932
1573809722
1537709734
1574809974
1578209044
1599809708
1577209774
1583009797
1584709987
1582409228
1507009039
1570809229
1542009489
1587709243
1573909488
1598309900
1548309744
1507809882
1549009934
1584409903
1522909083
1573009799
1592009898
1592909399
1582209403
1524209939
1544909377
1590709929
1524709299
1599309989
1599709029
1587409700
1577009734
1599309034
1548909339
1598309002
1522709930
1547709748
1509009422
1597709389
1584409098
1533009973
1522409770
1589909742
1599809374
1527409924
1573009208
1590909940
1577909270
1572209290
1502809902
1582409288
1540809077
1533209929
1573309370
1538009938
1589809044
1522309324
1500309738
1582809443
1574209099
1588909474
1599409942
1533909042
1529909020
1503009299
1500809487
1533709798
1582009370
1522409379
1588009837
1507009733
1542909099
1503809022
1523009770
1509909047
1599809044
1508809373
1578009730
1539909242
1570909904
1533409902
1503009389
1534009808
1598009048
1532209949
1593309307
1508409334
1588709877
1530809822
1574409328
1508009703
1577409300
1547809003
1590309903
1583309427
1500909093
1529809779
1589709882
1522009473
1593009002
1599809047
1542409932
1508009098
1509809944
1522709337
1573309948
1589809844
1598009904
1500709839
1539009332
1533009080
1572409002
1547709308
1503309830
1539909038
1590709448
1580409002
1532209347
1589909903
1502209302
1577409392
1500409073
1502209434
1530809440
1507209984
1597709793
1500709403
1587009823
1589309400
1539309499
1588209833
1528009944
1520309920
1503309733
1520909774
1500909374
1529709930
1500409272
1538009220
1599209282
1504409707
1530309928
1522909084
1577209944
1572009732
1534009383
1573809833
1579009783
1508809220
1508209947
1597909822
1500709302
1504009473
1507009004
1537009783
1527409922
1579909839
1578009033
1544909874
1522809729
1542909773
1533709330
1598009748
1589009749
1508009374
1540909004
1537009392
1547709383
1529209883
1547909449
1543809233
1503909433
1537709788
1504409780
1527909907
1588209097
1508909009
1587709829
1543409929
1509809700
1593909909
1578309909
1524009928
1598009422
1533009099
1509909397
1579009299
1580409948
1523009883
1508309880
1534409047
1544309473
1537709299
1588009793
1598009448
1500909738
1592709440
1522809223
1548709929
1577309277
1504009407
1532309733
1579009474
1534009704
1542209238
1584009209
1504409300
1533409098
1593009808
1599309303
1587809909
1533909729
1588709884
1540909033
1527909330
1594409088
1544709899
1577409088
1548309904
1589209227
1572009082
1502809972
1588309328
1533009394
1598009824
1507809447
1542909942
1593809200
1599209479
1590309772
1549209970
1500809092
1520709388
1573809440
1522809342
1533209278
1573309448
1540409973
1573409948
1537709009
1584009048
1582309984
1597809003
1504009448
1500209739
1582209237
1582709927
1583809974
1542809773
1509409004
1588009494
1589209774
1524409093
1588309393
1549309442
1589909089
1588909843
1533909704
1597409902
1592309949
1599809482
1530909882
1579009989
1500309390
1572209779
1592809778
1509209970
1532209788
1508009488
1590409939
1509209449
1549409227
1584709229
1577009077
1578309822
1533909790
1509009920
1522309703
1594009082
1538209933
1538009903
1529209223
1594909944
1594409242
1522809008
1522309227
1522309048
1594009439
1543409022
1592809447
1577409904
1500709238
1583309372
1593409833
1523909772
1572009227
1582709939
1504009842
1582209497
1548309223
1533209297
1599709829
1500809034
1590309733
1537009472
1572009477
1549009083
1529309904
1502009982
1578009398
1594309009
1577809727
1507009783
1533209348
1543309332
1507009203
1524409348
1534409440
1522809373
1582809909
1538009728
1522009234
1539909209
1529009030
1549909707
1502009729
1579009838
1520909987
1549909779
1594409422
1574409342
1597809932
1538809322
1588009220
1532909887
1549909884
1578309983
1597009409
1597009230
1542909924
1528009297
1599809438
1539809244
1599409400
1533409899
1507709344
1534309088
1574209877
1520409928
1509009907
1574309477
1549809442
1539409974
1527009487
1533209803
1593009983
1547009898
1503309789
1574009779
1574409028
1592009489
1572709903
1587709408
1594209779
1522009282
1599009498
1528009304
1598409902
1582209478
1540709934
1504009788
1537009449
1547409004
1540809938
1548009303
1523309430
1589409224
1533709703
1500709083
1527009807
1590809322
1534309927
1573009232
1534009432
1580309233
1547809929
1500309872
1533709983
1530409009
1538009880
1534409423
1593409499
1544209828
1589909034
1529909080
1573009374
1593309730
1543309284
1572209843
1524809449
1539209943
1578209447
1533009808
1578009934
1523009903
1539009330
1544909849
1599409743
1577009974
1599709792
1522709044
1592009080
1573709722
1589209002
1509409223
1540309987
1588309028
1587009747
1572909220
1528909977
1597809788
1593009244
1509309987
1572009079
1504409832
1542709909
1573409033
1573309442
1578909772
1522309904
1532209743
1527009724
1539309044
1592009987
1503309382
1530909940
1504209934
1502809970
1522709903
1594209939
1590209944
1522709204
1599809377
1528309980
1577809332
1509209983
1593309289
1594309979
1587009339
1588009077
1533709894
1543309440
1532809002
1528209899
1528009907
1588409707
1573709022
1534909939
1583209980
1544809284
1533009748
1502209894
1549409004
1524909933
1532209374
1589309009
1538009834
1584709443
1547709009
1574809744
1599209329
1530209833
1593309844
1528009227
1574209909
1532809977
1542909970
1593709889
1500209240
1574309300
1520309773
1599309708
1588209489
1533209799
1537009849
1544209732
1537409882
1588009730
1500309437
1599209302
1598309833
1529909942
1502209442
1598809320
1530309233
1592209234
1579009440
1542209490
1522909477
1597709704
1532709984
1534909937
1529709477
1502809930
1548909330
1522309273
1540909934
1598409800
1522809833
1537709822
1599009438
1578209940
1528409909
1509909784
1579009293
1570209937
1500709233
1500909874
1592409949
1538309982
1597009909
1573309003
1520809924
1527809388
1544209440
1597709340
1583409982
1549709908
1582309447
1539809443
1520709933
1544909347
1522909073
1548009988
1584409943
1583709008
1577409229
1502709773
1547409449
1534409207
1594909982
1504709088
1597709789
1584309022
1502209084
1508709779
1509909498
1577009840
1538809284
1528009088
1543009324
1542309947
1523009243
1507709433
1533009700
1537709023
1537909400
1584709334
1548209974
1528009970
1533009289
1599709927
1532209340
1587209920
1599409037
1507009428
1583709932
1547709448
1524409499
1538009934
1548809477
1520209004
1582009478
1580709300
1523909988
1573709330
1509909392
1588309280
1574909488
1573309972
1500309488
1538009977
1523709299
1580909338
1524009830
1548909883
1528009099
1582909322
1592809322
1539409442
1548409488
1583009207
1570809788
1587009384
1579209903
1537409923
1528809747
1547709487
1500709848
1592209798
1579809334
1500409890
1583909970
1527009373
1528809770
1593409400
1577809937
1537909977
1592209890
1500809380
1542209083
1579009008
1540409929
1597909733
1548809882
1549009838
1584009309
1544009097
1582009438
1579009449
1522909320
1529909380
1544309209
1542209344
1578409924
1572009827
1590709822
1582409399
1584709989
1594709972
1588209070
1532409982
1582009470
1522909440
1504309923
1524409074
1584309009
1544309788
1533709288
1500209294
1593309830
1542709448
1523209220
1542009799
1530709009
1597309942
1577409349
1500209440
1548809782
1580309880
1509709788
1588009970
1578009433
1593309972
1579009274
1549709889
1577409803
1599009078
1500909322
1533409787
1547409883
1584409049
1528709288
1530209988
1549409779
1547809229
1592209739
1599709403
1589009849
1523309443
1537209942
1584909299
1509409377
1530909833
1544309440
1592209892
1597009749
1582009074
1527409733
1599409098
1584409730
1599709947
1528909099
1594309733
1509209244
1504709973
1577409398
1598809370
1509809744
1584009402
1508309227
1590309773
1549409277
1533809849
1502409300
1593409928
1534809448
1528309447
1542209430
1593709924
1532309009
1520209033
1539309900
1537709872
1523009443
1572209749
1533809330
1592209244
1528009844
1572809044
1549709044
1547709874
1583209422
1570809928
1579009404
1592309772
1503009277
1533809384
1500209474
1590809920
1593009872
1583309478
1539909778
1599709843
1522009332
1524809977
1583809433
1547709334
1572209898
1579709399
1583409220
1509909294
1597009479
1577309472
1500909743
1540809002
1599209797
1500709484
1580309422
1537709092
1532309833
1598909337
1537009227
1572909920
1588009387
1502309942
1529809983
1579709223
1547009420
1532909980
1548809482
1592009324
1579909399
1599809707
1577209389
1547009929
1587409922
1583409883
1584809833
1500709982
1529709887
1589809927
1503309749
1583309877
1538809722
1599709380
1523909889
1574309770
1527709024
1522409492
1529309722
1538009983
1578309322
1534809228
1548209800
1533209892
1577309087
1504409899
1523709322
1587809443
1544209099
1527409488
1589909879
1548009427
1570709900
1580709009
1509909893
1592009022
1574409809
1537009329
1538309770
1572909987
1549009204
1580209922
1543309493
1508809332
1523809440
1598009424
1527809920
1533709408
1539209004
1538709923
1534409782
1593809884
1500709033
1527909233
1590909882
1500909979
1548009083
1529009792
1527409227
1539909830
1537709804
1587009882
1503309937
1578809449
1500409934
1533909479
1502009423
1584809448
1583809044
1532209877
1578809382
1590809337
1533409328
1509909020
1522309304
1508709200
1509909309
1577209932
1577009848
1503309879
1500909330
1529209779
1533009072
1523809949
1528009834
1532909002
1523309083
1593709973
1578209907
1548009703
1504009284
1538309778
1544909282
1504009388
1540809908
1527909972
1572009009
1598309904
1507309944
1533809382
1537809887
1537909449
1530209088
1589009248
1502209974
1533909232
1503209774
1549709003
1578809734
1528009384
1579209200
1524409972
1544309804
1594809224
1522009340
1574009978
1572209740
1589009007
1500409902
1577209090
1573709443
1500809493
1583009342
1543909974
1592409937
1593409989
1592009824
1504909433
1537009340
1592209809
1539209433
1532809903
1548209988
1502009730
1577009223
1589209822
1523009904
1543909733
1507009437
1588209820
1520909978
1522709980
1537709428
1578309889
1500809928
1589409904
1523409332
1529909379
1529009948
1537709397
1573209887
1533009934
1547809947
1589009348
1504309940
1577009403
1540309949
1534309224
1579909092
1579709229
1547009234
1577209989
1532009220
1540809880
1547009907
1583909722
1528909300
1534309882
1508709880
1539209899
1547009203
1574209922
1542709970
1589909237
1508209904
1573009908
1594009348
1589309332
1599709747
1572209400
1588409243
1500409493
1582809770
1588409744
1534709443
1544209984
1597709028
1534709939
1588409070
1503409877
1599209732
1590909822
1503309074
1529809788
1529909078
1522709088
1598909943
1544309779
1522309047
1548409982
1529709227
1548009744
1522809490
1532009983
1589009904
1522909723
1537709230
1503909377
1500209420
1574709972
1532809440
1528409939
1540409900
1537209944
1599009974
1599309828
1583009394
1544009792
1503009742
1507709090
1520909442
1500409894
1547009820
1500409700
1529009342
1589809447
1522909834
1582709044
1597009237
1534409287
1592909334
1573809887
1597009702
1580809744
1598009374
1542209807
1522009709
1542209400
1528309944
1527709297
1502009243
1532209499
1599409288
1549309944
1534409870
1520909902
1527209422
1500909499
1539209934
1594909229
1572209744
1522009499
1529009220
1549409223
1504809227
1583309874
1598009082
1533809234
1538809930
1584909004
1573309843
1523009492
1588409440
1543909883
1577409433
1580309007
1592009083
1534809939
1508809497
1574009780
1537709277
1547309920
1599709282
1578909099
1533909870
1544009232
1593209422
1548809347
1549009773
1509909298
1523309344
1528409883
1543909884
1523309029
1522309200
1503709939
1548009282
1520409322
1504909009
1599409787
1599009988
1578909972
1583809928
1527909008
1574809377
1549909420
1594409429
1572209088
1583309028
1500909882
1578209299
1578009200
1523309488
1588009984
1592809004
1582209330
1583209223
1507709907
1573809033
1589909294
1578009282
1577409283
1543809344
1584409323
1507009787
1588209229
1544209277
1533009879
1500909043
1520309882
1544009829
1503309779
1539909244
1543209978
1508809747
1503209800
1533809249
1500309304
1577809302
1582209344
1534309933
1583709934
1522009407
1534409307
1594409849
1522809273
1523209388
1578809879
1534309939
1577409804
1527009488
1570209877
1524409833
1503309878
1579409009
1578909977
1500909839
1502209089
1527009882
1524409898
1547809440
1532209070
1547009702
1543809977
1587709290
1583009030
1599709294
1533709984
1502009747
1597709083
1593009898
1543209733
1588309794
1577909948
1593409299
1539709744
1599709302
1587709497
1599709873
1507009822
1574009890
1543209088
1574909700
1538909200
1548909779
1549909382
1527009070
1570709448
1524009842
1592709822
1572309288
1503309930
1542209894
1524009349
1597809877
1500309909
1592709900
1584009947
1574909934
1597909779
1538009778
1597709043
1577009790
1509709884
1543809224
1577809439
1533009834
1502309937
1582209238
1594709334
1548409973
1599809738
1524009732
1522809893
1592809344
1522009273
1522809840
1528909773
1547009032
1528809337
1574409472
1539809388
1532209247
1548709388
1539909037
1507309433
1580409978
1504709908
1522709897
1509909308
1547409288
1524409872
1500209820
1572209308
1597709203
1547709892
1507009878
1592209730
1503909778
1570409233
1504809700
1524709433
1573909744
1507709249
1543309407
1500709920
1597709008
1527909044
1538809729
1509709907
1528409938
1522309022
1592009832
1572209230
1578009422
1597709283
1529409770
1598809023
1509909799
1533009383
1587709883
1534309987
1547809889
1583009908
1589009908
1573309379
1584209920
1577209740
1577809878
1577409427
1533209448
1547709847
1588009392
1544309232
1537009034
1549009384
1504409490
1540809399
1547709490
1503009034
1582009783
1509309948
1533809303
1500909008
1579009903
1533909280
1522709332
1537909900
1533209408
1579909948
1577209229
1529009744
1598009338
1503409923
1542209744
1589009344
1523309089
1538009783
1548009047
1522709470
1599709772
1548709044
1508009322
1572809488
1522409293
1502809978
1503409440
1572009902
1500409737
1538809804
1522009280
1534309422
1503009204
1598009493
1599709400
1577309449
1534709788
1588309772
1584909980
1524409330
1577409083
1584809932
1577409290
1588309784
1590209880
1543409422
1524909244
1522409249
1584809377
1522809870
1508009982
1579209277
1544309807
1590309332
1533009788
1592209300
1544909947
1527009073
1574209930
1522009232
1530209339
1599209793
1580709277
1537209928
1577409248
1582209900
1597809022
1570309939
1500409428
1500209780
1528809334
1572209828
1593809299
1570309700
1588009039
1543309443
1533909839
1590309447
1527409322
1528009884
1578809020
1500709097
1500209372
1508809783
1504009484
1580909883
1572909332
1520309227
1528709233
1577809470
1532309778
1582809940
1579009839
1507809924
1577309202
1528309399
1588709770
1523309032
1529209778
1574309788
1549709400
1529409088
1579309332
1572009272
1503009709
1599709307
1599809320
1529909383
1588309490
1594009497
1509009932
1543409077
1527009439
1502909227
1582309933
1538009322
1544709379
1538009070
1500809307
1584309987
1588409722
1522009034
1592309908
1533409083
1544209438
1578909984
1592909229
1578309220
1598009743
1503009007
1534409839
1534409229
1520809008
1532009023
1534409923
1524709930
1524809744
1540809924
1542209934
1533709404
1594809770
1577309879
1522809240
1598709972
1583009828
1533209279
1520309800
1597809227
1593009209
1500209394
1590309904
1597709884
1527909433
1533409332
1540909299
1507209970
1594909977
1539809988
1508209224
1543209922
1539809877
1547009092
1507009829
1502009380
1544909743
1520809909
1539909239
1572209437
1503409889
1589009247
1582009493
1589909084
1528009988
1590309044
1544209339
1599809922
1502709488
1574909044
1599209284
1533009048
1502409922
1524009382
1543309778
1589309904
1573009740
1574409943
1597009804
1537909844
1542009398
1538009744
1543009303
1544709472
1588909322
1597709334
1532209934
1538009234
1522009409
1594009373
1599409892
1508909299
1574009823
1594409002
1527709924
1587209433
1573009097
1533209730
1500809492
1529309088
1587809228
1592409022
1503009494
1502709974
1599809247
1530409940
1503909744
1507009844
1534009982
1530809277
1524209339
1542009838
1522309724
1542009294
1508809393
1573409334
1570709344
1522009844
1549709002
1570709004
1584009483
1540209422
1520909949
1542909449
1507009240
1548409903
1502409299
1548909277
1589309942
1528409899
1572009098
1507709048
1532009387
1544009707
1523009478
1579409977
1522409978
1594409227
1507209978
1527809344
1507709973
1522009829
1533909873
1539909082
1528009443
1530809228
1549009430
1500209943
1582209483
1548209488
1548009270
1592909972
1592009297
1594409038
1594709939
1588209932
1574009923
1539009048
1549009832
1588709008
1508909938
1588309770
1548909930
1589009740
1528009880
1533809334
1573309920
1598809847
1597809943
1534909448
1522709034
1594009399
1597409200
1500909437
1587009284
1530909200
1537309277
1532709822
1509409033
1573009773
1590709003
1528809098
1529009348
1594709933
1548809090
1523909744
1509309033
1592209902
1544209084
1537809223
1572009474
1502209043
1577409430
1549709449
1570909940
1538409844
1584009383
1539909989
1533009043
1522409887
1570209909
1577309338
1543409388
1528009209
1528009733
1503009373
1577809440
1574009707
1542309447
1507409928
1533009789
1508209979
1533409782
1588209738
1549209229
1583209338
1572209430
1532209479
1593309882
1587909877
1508809799
1577309887
1594409034
1524409773
1537309499
1528409799
1593009234
1539309300
1582709002
1573009494
1538709700
1570209880
1534409274
1577409870
1582309973
1594409724
1529709334
1599409832
1542009724
1573709940
1592809988
1530809909
1532209304
1597709087
1547709798
1598009830
1509909423
1548809048
1524409294
1530709930
1593909220
1527309088
1588909472
1529709044
1533409922
1599009987
1572909887
1598809324
1537809882
1522009349
1574009727
1579909944
1589309923
1527409779
1544309038
1537009848
1549009940
1577409974
1587009304
1500809978
1524009730
1587009309
1542009729
1529909738
1598209974
1582909899
1534209007
1500909379
1580209088
1599209789
1533409233
1504909889
1534409770
1544309329
1500909842
1572009428
1532209240
1599409934
1578809349
1574809907
1577309408
1583309740
1598709889
1544809937
1587009383
1547309973
1533209942
1589809449
1583409422
1594809733
1583709904
1522309734
1537209907
1509309778
1522009090
1528909227
1524709344
1522909474
1598909778
1587009434
1578009447
1544709942
1594809937
1548009309
1574409308
1577809942
1528709228
1593909977
1589009097
1584309200
1544809498
1540309322
1503309909
1534309944
1589809942
1549909920
1578009470
1532309940
1589709299
1598809390
1582209242
1583309707
1588909082
1577809029
1587409227
1587309909
1572409388
1538709920
1573909988
1523309082
1594009084
1502209499
1548709930
1524809322
1548809843
1528409033
1539409277
1577809342
1508209008
1584009490
1572409902
1543309929
1540309980
1543309847
1544309979
1539309920
1588309488
1577209387
1503709887
1592209484
1548409909
1500709397
1590709978
1583409733
1538309989
1532209924
1588709089
1573009489
1594409248
1528209934
1583409989
1598809248
1524309970
1578209882
1584009332
1583209844
1507709849
1543009299
1542009894
1593809978
1599709972
1534009882
1542209307
1574009734
1577309443
1578809898
1572309499
1582209989
1533709704
1544909883
1549009337
1524409830
1547209907
1592209794
1538409088
1527409772
1503409982
1594409202
1540809774
1528809449
1599809784
1573909442
1582409277
1523309922
1543809440
1597709380
1572209907
1504409448
1543309293
1572309947
1537709499
1532209334
1523309740
1509709448
1572809942
1533909780
1577309748
1588009428
1593009884
1522709028
1579909072
1529909323
1582909974
1592909799
1580909907
1592009880
1542409440
1534409303
1540909877
1509809939
1578909942
1528009330
1577309279
1573709887
1502909883
1589309227
1528809043
1594709399
1584709400
1529409443
1523709223
1544909249
1539909884
1523309343
1592709220
1528809932
1579709973
1584809224
1539209339
1503909499
1507009943
1503709779
1534909442
1548209987
1587909979
1538309833
1587909987
1502709908
1588709423
1578809908
1508809232
1592009943
1583709200
1537709370
1549809899
1508809273
1532009090
1598709044
1527009709
1542209023
1507409288
1597209930
1599209849
1533809220
1598709022
1508909937
1527709982
1547209300
1538809742
1534909920
1533209949
1599409227
1529209949
1598809422
1588309847
1579909294
1570409978
1547709290
1527009774
1594709887
1504809882
1574009494
1594009799
1593309303
1528009072
1584409099
1579309903
1549909398
1578409004
1527409942
1504209288
1577809049
1528809793
1503009877
1579009904
1588309424
1582309229
1500709498
1599209289
1529209344
1572209723
1572009472
1538809070
1578909220
1527809449
1503909772
1503009730
1500309303
1599809297
1507709432
1577809700
1549909724
1532009782
1539009704
1549309970
1548209907
1507009003
1500409307
1547709204
1533209009
1599809408
1578409002
1588709894
1588009289
1548009893
1503309902
1594309883
1580809877
1574209928
1500309970
1522409700
1503009370
1593209899
1544209882
1532009209
1523909833
1528809482
1523309493
1580209044
1577009904
1587809988
1502809244
1548009707
1598209980
1503709930
1572209203
1593709002
1593309224
1529009088
1584409722
1534009099
1599409244
1588909239
1589309977
1544209898
1522809920
1533909440
1577409047
1548909449
1542209789
1528209002
1539209300
1572909800
1574009790
1580909003
1500209882
1584409774
1529309884
1504009443
1594009790
1500209788
1522009437
1549009080
1589309033
1547909882
1522309434
1507709278
1502209840
1522909328
1578709922
1588709782
1572209008
1584709022
1539409980
1577409970
1532909299
1523009327
1598809873
1587009844
1577309200
1524809930
1530709973
1504709443
1577909720
1589909439
1583309770
1549009820
1523009383
1573009870
1523909099
1577209730
1509309334
1530309277
1533809780
1528709982
1574409008
1538409008
1583709800
1500409844
1539009827
1532709908
1578709227
1544809200
1503309884
1598009849
1533809029
1588209372
1594009448
1500709903
1529909420
1594009922
1543009049
1578809323
1503309207
1534009247
1533809277
1549909787
1504009030
1507309942
1500809884
1548909334
1587009334
1593309273
1538409833
1534409028
1507009809
1500409978
1549909022
1539909290
1578309989
1580309982
1538909733
1500709090
1539009420
1547909338
1584409839
1574209937
1503309070
1579009372
1503309742
1570409488
1580909288
1593409440
1594009949
1574209974
1502909344
1597909987
1539909734
1593209022
1522009299
1547009890
1583809003
1539309937
1522809294
1539409934
1503809943
1523709883
1598809474
1599409372
1529909808
1522709484
1530909923
1572309300
1588409339
1594409973
1533009778
1522309339
1529809477
1584309934
1508009838
1522409227
1583809299
1500709227
1508209877
1570809930
1597009297
1587709499
1588309004
1574309882
1584809007
1588909277
1580709003
1588309778
1579009239
1549009780
1594409077
1577009928
1527009098
1578009030
1522409933
1500209289
1533709700
1599009732
1537709887
1570909220
1547209938
1508809238
1583209200
1599409423
1587309939
1523709982
1533809094
1599009973
1593009094
1574009824
1522409330
1592909924
1578909908
1597809800
1574809449
1532209899
1593809903
1582909949
1537709282
1507709939
1544909780
1538009230
1539909070
1508209899
1584009977
1532309433
1523909928
1544909932
1599309892
1573009304
1549909020
1544009344
1539909708
1589409930
1523309028
1538809338
1532209938
1533409374
1504409248
1540209778
1579909420
1582209084
1582809488
1592209229
1588009448
1598409440
1577909744
1539909909
1529709700
1578209339
1542809939
1597909722
1533909483
1578009438
1594209322
1533209897
1500409242
1543009980
1543709977
1532009802
1594409940
1578009309
1599709378
1573309897
1542809929
1598309447
1542809922
1543009493
1548809798
1594309933
1574009432
1593009844
1597009007
1503009720
1580409923
1527309200
1548809947
1500909877
1588709492
1537709422
1522809400
1524009932
1583009874
1577009272
1544009794
1509709337
1538209288
1547209229
1577809272
1583309442
1522809480
1539909979
1599309090
1507709783
1548009704
1527709278
1500809440
1534709447
1547309933
1593309797
1549009747
1592009473
1594409830
1573409224
1574909922
1587709090
1597709480
1529409970
1579009238
1500709402
1578809348
1522909074
1548009440
1508809439
1547009339
1532309400
1534209940
1503009093
1579309440
1533909047
1544009339
1597809937
1549209477
1598809024
1534009827
1508809348
1503909443
1533409878
1589409947
1597009942
1500209003
1570209933
1587709334
1582809227
1524709900
1574709882
1537809443
1527009278
1503009849
1598009884
1534209233
1588409972
1543709228
1503909844
1503009488
1593309077
1533809270
1543909877
1549909098
1592209303
1597709039
1592009207
1534209909
1500309042
1508209332
1529009230
1597709447
1527309948
1524009384
1572309022
1544909047
1537409227
1500209828
1502209940
1584709949
1598809733
1573309989
1540409877
1522409247
1580709984
1579809948
1590709980
1544309443
1593309979
1592309948
1532009832
1527409929
1500409982
1580209902
1589809972
1597009003
1504409438
1523009472
1527009874
1582009873
1584009984
1590309442
1509409229
1579709979
1582309924
1548009909
1593909229
1543409332
1523209779
1593909447
1583309402
1574409702
1549009039
1592209832
1573409904
1504409283
1582309399
1597709388
1500809292
1598409972
1580309788
1537009408
1538209788
1544909378
1548009238
1598209224
1534309900
1542809933
1589909927
1520209399
1597409978
1549009449
1548009940
1534409240
1542209434
1533209007
1584309977
1524709477
1573309033
1577909909
1502709884
1522309480
1503909899
1573309870
1533909270
1588409920
1507909322
1592409002
1579809770
1520909938
1500709407
1528209978
1544209979
1594409007
1503309787
1584409488
1597009284
1578009780
1587709703
1588009772
1582209704
1577909930
1533409433
1534409340
1508709338
1507209223
1598309970
1598909844
1522409033
1592009243
1577809290
1542009234
1598009324
1508009744
1578009738
1502009347
1532009880
1572209892
1540409447
1572209932
1539209938
1587009878
1592409947
1529709339
1577409204
1532709322
1574009438
1529909297
1529709920
1508909224
1504309882
1574909002
1577009372
1578809079
1528409822
1594009033
1594009744
1537709782
1530809937
1584709337
1534409270
1528809344
1534409422
1592009448
1534409928
1504709223
1523209099
1530709880
1522709738
1587809982
1549009308
1539009337
1588309242
1503409778
1502809979
1579909030
1593209477
1528409288
1548409744
1593209077
1540909722
1522309440
1527709744
1522409077
1593309472
1537709907
1509009987
1544009447
1588709788
1549409772
1579709822
1528009830
1504009874
1522909228
1544709889
1500209824
1594309044
1539809983
1508009347
1548309944
1582009337
1574709044
1548809807
1549909904
1599209042
1507709223
1578209744
1504209970
1592009920
1578209440
1508009408
1508009793
1597209877
1583709877
1522909703
1502209702
1573809908
1528809292
1599309004
1584709937
1542009382
1574409229
1527009004
1592709388
1588209904
1574409839
1594009207
1597009834
1529709003
1548709449
1583009027
1584209932
1534009839
1538309022
1589009420
1587409924
1589909980
1592709003
1573709447
1587809920
1572009879
1597009074
1549009399
1530209943
1523309988
1549909822
1592409007
1500909232
1509709937
1583309073
1532209322
1520809988
1534209339
1547709788
1540309904
1538009784
1527709429
1533409402
1574709988
1522309077
1528709887
1580909902
1570709800
1508809242
1590409443
1599009430
1583309988
1547709228
1527709720
1509009799
1597709327
1508909973
1532809700
1592409970
1584809937
1544009420
1584409289
1590909227
1509909378
1538909948
1583909033
1532709937
1539009723
1502209477
1543009844
1509409883
1537709802
1594309002
1599809487
1533209347
1574809977
1584409398
1588909087
1543309099
1597009287
1570709433
1593309897
1508309908
1588309092
1504409342
1589009074
1504309880
1583209908
1548009884
1544209078
1539209228
1587009743
1593309008
1527709728
1534309929
1579009908
1532009800
1574009324
1573409987
1594409987
1577009334
1534009023
1542309007
1524209344
1523309494
1587809300
1523009920
1548909399
1579909349
1593209844
1508809208
1543809733
1533809879
1538809832
1532709008
1548209883
1508209447
1533209787
1592209729
1524009278
1598309440
1590709300
1593209988
1503309420
1594809922
1500409204
1577809237
1574409340
1504409389
1527209244
1589809882
1529809700
1584809300
1503909927
1500309034
1528209228
1544009809
1572009988
1524909339
1508809939
1582009803
1548009204
1500309790
1548009724
1547309934
1578409943
1528009092
1583909227
1573009443
1598009924
1533009443
1503209920
1523309004
1529009927
1583009402
1577409030
1574009493
1594409472
1573709442
1589009033
1520809974
1543009722
1547409033
1530209989
1507909007
1547009434
1532009399
1549309934
1598309244
1528809200
1584709934
1524409089
1589809422
1542409044
1534009723
1528309499
1507009974
1544909083
1503409989
1538009448
1539009800
1540409339
1588309094
1589409924
1579409778
1527809722
1549309920
1529309002
1577409740
1502009323
1579909733
1549909238
1539909878
1584409908
1522709482
1508009902
1547009372
1540709277
1523709244
1589009320
1570909033
1598809449
1588709303
1504709978
1580409377
1587909733
1528209778
1594009830
1573009937
1520209223
1577809820
1524409484
1578009297
1593009329
1573009324
1543709800
1503809440
1599709892
1532209873
1548909002
1588209032
1538909940
1509409974
1583009373
1578809878
1522409229
1582209773
1572709923
1577309007
1544809032
1543409877
1504809932
1523709008
1542709900
1509909808
1588309087
1594409373
1537009873
1503009928
1539009399
1548709277
1530309332
1583809400
1584809779
1588909403
1502009329
1583809978
1573709277
1543809989
1594709332
1589909442
1588409447
1592809330
1500209284
1593409934
1544909807
1544009374
1574009322
1533709387
1507009798
1579709007
1592209933
1577309430
1500909290
1540709477
1538009374
1599309408
1544009290
1539309883
1547209334
1548909903
1503409882
1597409337
1593309423
1599409327
1573709942
1528209937
1580709399
1533009340
1508309933
1572909948
1508809034
1577809730
1529809909
1508909882
1503309394
1529209477
1500209039
1549209344
1577209474
1507309224
1537209338
1592409008
1544909877
1547009844
1542809924
1548809088
1500409248
1538709733
1572009792
1577309309
1527309224
1588709827
1507909883
1579309377
1502309933
1588309902
1573309923
1549009783
1508709972
1528809083
1509909299
1583409980
1580209974
1574009242
1533409080
1538809227
1532409980
1589409943
1529309224
1533709207
1579909842
1570309477
1587709884
1572409908
1599309390
1537009384
1533209374
1542309833
1598309022
1523309477
1504409498
1532409907
1538309449
1520209008
1588409302
1539909483
1502709400
1584709007
1584409893
1508009044
1540709448
1533209879
1594409734
1500909099
1547409877
1522409200
1524709499
1504009492
1504809744
1522309738
1592009402
1577209483
1537309339
1509909904
1549409088
1539009973
1583309723
1507209940
1508809404
1598909939
1533709443
1538709970
1508309722
1502909900
1592209387
1597209339
1548809448
1587009300
1508409488
1523409700
1522309448
1544909200
1504409488
1533709049
1527209447
1598009403
1584409249
1582209283
1528309440
1599409382
1570209887
1589909893
1548809932
1593409488
1520409983
1509009498
1573809220
1533009344
1533209923
1529709772
1533009234
1509009880
1522809493
1578309227
1589009073
1523809772
1543409002
1528809099
1544809299
1597709449
1580409344
1522909082
1503809003
1537009890
1532209783
1549009402
1589009834
1543009427
1504209227
1547009848
1570209972
1507009794
1528009824
1544209344
1522009408
1500409093
1547209099
1588209889
1537909700
1522909827
1528309339
1524809223
1588009048
1548209979
1570909442
1523209227
1507709979
1533409479
1503809833
1500709724
1549709973
1538809047
1543709300
1523309947
1574209900
1548409228
1504709947
1544709702
1529709077
1583209799
1597209929
1597709770
1500409780
1502709044
1522309488
1508309244
1542009279
1544009880
1597209880
1599809803
1537309904
1583009383
1538009849
1574909022
1580909943
1582209090
1583009742
1582209089
1529909307
1599809272
1522809270
1592009707
1570409334
1528409339
1503309029
1593809984
1590909228
1509909277
1577409807
1500909983
1500809094
1577909877
1583709772
1592209877
1583009848
1594409879
1582709899
1547709439
1582009477
1594009792
1502009787
1508009378
1542709004
1509009499
1542909399
1522009439
1573009242
1523809733
1580809923
1547709398
1588009442
1583009322
1572709977
1577809007
1500409038
1574709022
1532709778
1593309024
1593209099
1578909088
1589309973
1529909872
1588209432
1529009907
1583309873
1538309978
1598009293
1543809228
1588409084
1539209008
1537009874
1533409042
1520309433
1579909822
1578809948
1582009009
1534309903
1598309903
1500809482
1584409279
1583309748
1592209782
1599009347
1588009728
1548009449
1538209433
1532009848
1587009029
1500709928
1529409942
1500709383
1527009088
1537309972
1584809979
1509409983
1583709332
1544909804
1549409778
1508009900
1582809322
1547809433
1598809397
1579909408
1542709947
1582009342
1523009798
1504409738
1538809820
1582209023
1548909288
1574409479
1574409422
1577909294
1528009898
1522809293
1503809880
1577809449
1577309288
1538209978
1527909700
1502709377
1507309322
1500809490
1582009499
1524209448
1583409332
1587009009
1537909800
1542709989
1529009047
1593009448
1502809277
1577009729
1588009309
1503009288
1542009400
1528009700
1593009784
1504309883
1504209900
1592009778
1503009384
1573009839
1503909920
1528709930
1582009247
1584409837
1504209228
1543209778
1522809040
1523009822
1547909044
1544209907
1523709499
1590909983
1589209344
1508409229
1573009033
1588009989
1572309338
1574209447
1533209828
1599709408
1599209028
1504009282
1599209438
1549009472
1587009407
1548409044
1588209747
1527309399
1573709930
1522809208
1533209240
1597909422
1592009238
1529809799
1504409398
1503909942
1524209903
1524009337
1523309880
1598309004
1522709377
1593209277
1574009947
1539309332
1533709337
1599309804
1502309949
1573009332
1593009737
1587909880
1574009974
1543009098
1543309939
1588309308
1544809437
1542009332
1507209883
1590709882
1520209930
1592009874
1548009230
1532909904
1528309299
1500409279
1543309070
1580809937
1588409489
1587009208
1583709799
1599409720
1579009884
1547909972
1532709022
1578809790
1533709890
1503309048
1500209844
1573809442
1533809704
1504909227
1500709287
1500809498
1593309402
1594409794
1538409920
1500209020
1533409077
1589209788
1574409307
1533209970
1503409244
1527009030
1533809772
1587009399
1509809949
1594409774
1529209008
1523309399
1544909370
1530809977
1529909309
1578709937
1502709442
1500809089
1583809970
1598709009
1500809927
1527809044
1522809393
1593309048
1573709934
1599409938
1533409342
1594309877
1543309849
1509909099
1520209907
1578009342
1544309049
1594409778
1529909977
1580409970
1539909387
1507209904
1582909003
1537809984
1590409988
1574409238
1522709002
1534409484
1538309488
1533009804
1529909897
1587009084
1529409988
1540709337
1508009700
1523309909
1582209877
1588909377
1533409790
1589009230
1547009404
1539009284
1544809723
1527709724
1580409822
1500309347
1580909982
1570809887
1599409799
1579009724
1549209972
1577809383
1538809703
1504409847
1524209244
1528209770
1592709227
1592209038
1537909244
1582209249
1578909978
1507309227
1580309937
1540309009
1599709099
1544909724
1509309779
1504409087
1528809779
1508409722
1548209949
1544809290
1589909332
1587009323
1527009370
1597009097
1572209947
1533909309
1544909740
1509209377
1508909983
1574709948
1573009439
1532209707
1522909780
1547709042
1589209983
1543309700
1539309922
1544309703
1572709934
1549909907
1577009283
1597409984
1547709477
1593709902
1533709830
1537309330
1578709229
1542709987
1538809470
1592209098
1538409077
1534409790
1527309442
1548709973
1508309927
1533409290
1599409089
1523409972
1523709229
1534809833
1572009894
1574409884
1582009772
1597409942
1574009284
1574209844
1570209228
1577209223
1547009379
1597409948
1529909347
1544009902
1570909882
1532009932
1504009930
1579309443
1533009822
1500709873
1503709443
1583009487
1544009434
1529409003
1572209472
1599309040
1580809939
1529009304
1598009239
1528809940
1593009292
1588709270
1537709722
1520409099
1593009723
1587309779
1548709949
1578209330
1573309297
1529409978
1598409844
1590309927
1502309733
1532209977
1532809929
1577409442
1587309433
1508009972
1509309924
1547009342
1548909223
1523909388
1544009304
1583909909
1543809448
1534909880
1588209984
1539009234
1548009883
1597709842
1537809900
1584709929
1532209983
1523309847
1507709238
1588409909
1544709938
1523309497
1508009409
1577209803
1579009722
1520909227
1504809377
1584009289
1579309744
1579209422
1527709349
1584209033
1522709338
1537809904
1532709499
1528009437
1580809774
1508709938
1507709422
1528009772
1578809089
1540809099
1582909779
1500309733
1503409300
1538409930
1504809977
1588209027
1583409882
1589009434
1539709984
1524009749
1544909803
1577009732
1570409033
1583009899
1509909428
1532009970
1500809370
1502009828
1597009049
1549409330
1544909348
1534909344
1543409939
1593209833
1587009842
1527209339
1534009008
1594409370
1540709948
1579309929
1599209974
1599409870
1582309788
1524009370
1594409037
1570709923
1577009494
1584409340
1582809977
1527209448
1509309833
1540409927
1542409909
1579309948
1547009837
1507209924
1522309084
1577309448
1594009308
1599309922
1534209499
1533809480
1527809442
1573309889
1548009749
1524709449
1544209807
1589909339
1548009984
1529309300
1599709739
1502009704
1548809727
1522909988
1532009433
1577309249
1548409332
1593009840
1597709034
1572009423
1524309903
1583309094
1537709088
1589909320
1572809339
1542909930
1574409747
1547209399
1524409298
1577409379
1533209822
1520409722
1589309733
1522009283
1523909884
1599009043
1577409008
1597009377
1593409002
1579709883
1544809847
1507209899
1594809903
1503009903
1509309944
1503709942
1529009977
1548209449
1540209938
1522409248
1588909433
1503709880
1509209977
1528309822
1540809322
1579009923
1584909003
1547809877
1534209908
1593009397
1509409903
1537009282
1578809073
1544909299
1583309932
1544009423
1594409984
1539909724
1579209882
1547909722
1500209402
1583309077
1539009773
1598809899
1504909449
1503909339
1502009083
1523309843
1590409822
1528409902
1533709334
1597909488
1587809844
1577209887
1599209402
1570809909
1583709970
1587209982
1527409974
1533909807
1520409980
1507809332
1588409889
1542209882
1580809344
1508809890
1583309899
1502709330
1578409774
1524209907
1507009793
1534709900
1597709009
1587009420
1584409833
1597009938
1507009877
1577909232
1597309932
1582309288
1504909224
1588709738
1599809249
1532009834
1537709832
1529009344
1533809442
1574009900
1574009282
1588309942
1522709003
1544209429
1507409907
1573309049
1503709400
1503809077
1573009299
1549009490
1529209339
1537809778
1587809422
1538809843
1529909002
1527709843
1587009494
1542209898
1579709982
1592409987
1593009942
1542809099
1547709902
1534409829
1583009472
1542009208
1502209887
1547009298
1522809797
1533809037
1540409233
1587009234
1508309233
1532709277
1579209973
1530209003
1522709399
1579309044
1592009373
1537709738
1524409483
1500809900
1587709984
1528009344
1547709898
1580909948
1584309300
1590809887
1589809788
1539409778
1588709024
1542409228
1527709483
1523309278
1549009839
1529009322
1532209774
1593709003
1574009937
1547909224
1570209733
1540909844
1570709443
1528909943
1588409327
1533709972
1584209983
1587409330
1578909883
1524909939
1583409477
1547909903
1578009772
1578809434
1587309929
1587709738
1582409344
1507009724
1500209437
1542309933
1522909830
1547809934
1572409228
1599709390
1578809338
1578809488
1598809088
1537009744
1599409774
1542809987
1584909983
1582909882
1598309902
1580709822
1587009948
1507709348
1577209749
1592209979
1537709934
1590809939
1507909920
1544809793
1533409223
1520809377
1549909987
1570709388
1588009349
1538809907
1588409984
1577209884
1544009299
1502009937
1540209903
1577309227
1528809429
1500709478
1583009202
1544709292
1524409827
1533909329
1587709488
1539209007
1572209334
1503009974
1580809909
1584409004
1509909848
1589209947
1578809094
1529009293
1578009383
1527709092
1573309097
1594009437
1593909733
1528209448
1574209944
1508809239
1522309244
1578409908
1579409942
1524709844
1574009773
1598909933
1537009048
1527709073
1540209224
1544209207
1589709889
1584409223
1509809788
1520809944
1548309449
1587809229
1582209739
1544009282
1509309970
1520309044
1527009884
1549209779
1532209497
1587909334
1547709323
1548709337
1533209340
1533909494
1587809002
1504409030
1579909238
1597709873
1589209033
1504009829
1577009784
1593809400
1574209978
1573909987
1577009429
1529909077
1544709348
1548009039
1540909499
1584409427
1500409423
1548409887
1523209344
1529409338
1587709003
1540709944
1590409220
1537009823
1503209942
1573009383
1584209778
1533809030
1530809778
1594309722
1547309488
1523009249
1533209078
1538809709
1537009870
1532909987
1532709938
1582709224
1520209882
1548009979
1574009227
1577409298
1508809489
1503009228
1537809722
1588409029
1534009702
1523409443
1587009239
1584809088
1578009809
1537009372
1588909977
1593009044
1532209847
1537009044
1579009279
1544009924
1593209948
1588009394
1582209909
1579409022
1579009922
1588309082
1509009937
1522809439
1544209487
1572309772
1588909829
1538009224
1503009924
1504809277
1522909287
1502209277
1507709402
1588209427
1543909932
1538809078
1539009020
1542809344
1594309099
1588909228
1503009890
1598009883
1504409420
1594409087
1533709027
1520809980
1582209272
1574009037
1537709920
1544309844
1500809342
1592209398
1593009947
1592409977
1544809422
1538709904
1574809880
1579209974
1524709932
1594709930
1587809970
1529309229
1500309770
1500909939
1523309929
1592809984
1573309437
1598909344
1524309909
1599209040
1528009403
1544209788
1529309449
1544809278
1587009287
1590809008
1502009738
1540309779
1548709344
1523409989
1584809330
1522309407
1502209034
1570909822
1540209943
1520909928
1507909499
1523209934
1588909872
1578309928
1540309330
1500909072
1542209207
1599209378
1588309273
1500409473
1592209744
1503209770
1588409923
1577309382
1589309002
1589709932
1528209422
1597709499
1582209434
1542209379
1530809007
1523209337
1543309027
1523309402
1522809849
1508709244
1572809770
1588709873
1587709007
1547709388
1572709882
1543409900
1533809899
1542009387
1597709300
1597009388
1548809977
1500409027
1598409779
1589709908
1578009902
1549009983
1544309447
1597709828
1528709939
1538009272
1509709933
1507309330
1548309228
1542209247
1508809330
1584009493
1592009038
1504009493
1508009792
1588709802
1598709773
1593909947
1594809099
1583809778
1592809933
1590909002
1592209298
1572209837
1508209883
1500409098
1577009038
1582809939
1577909378
1588209004
1549009709
1583009400
1507009849
1584009084
1504909973
1548009249
1534409883
1599809742
1572009240
1573009300
1500709749
1598809289
1537009029
1582809934
1500409943
1539709442
1588009382
1502009037
1549009378
1572009207
1533409202
1588209388
1529809200
1544709772
1574909899
1523809339
1502909977
1504209979
1533009343
1573909433
1523009870
1500909493
1529709229
1578809207
1597009327
1507009423
1500409482
1538709882
1538709800
1539009948
1582309934
1504309973
1537009878
1522909874
1578809890
1527009939
1582309003
1503309379
1587209339
1520809979
1587709487
1577809307
1528009728
1529209377
1577909470
1594409024
1543709422
1522009923
1537809933
1547709782
1589909449
1598409488
1503709973
1533809428
1520409288
1528009778
1509209003
1578009493
1599309440
1593009774
1523309989
1532409939
1538809439
1529209033
1509909340
1577809283
1528709889
1580409433
1570709229
1507409277
1584009884
1527009893
1543009473
1528809742
1504409004
1598009984
1527709304
1508709979
1597009340
1537409004
1507909400
1539809822
1599709940
1500309704
1547809722
1544209224
1532009402
1590409337
1597709042
1584209422
1527709078
1500309727
1572009003
1529309973
1502009074
1580809449
1544809397
1529309447
1500709972
1534009970
1549909734
1593009242
1527709397
1548009430
1504409778
1577909393
1523909972
1577009209
1579909079
1543009429
1574209989
1534209388
1588209482
1588709003
1504309772
1582009423
1522809392
1539709008
1529709927
1502009393
1580209344
1577809200
1522709908
1527709220
1524909977
1582009072
1543809288
1573009702
1592209044
1502009382
1500309020
1542909033
1547709494
1583009308
1534009722
1594409447
1503709988
1523309449
1597009922
1500809804
1523009824
1593309849
1502009478
1549909849
1533209433
1573309399
1584009477
1580209330
1548309044
1588709922
1593009490
1503909978
1544809042
1599009379
1588309329
1577909839
1587309774
1523009772
1508009043
1589309200
1524709009
1529009307
1599309447
1524909922
1599409970
1533009729
1594209899
1578709332
1534909984
1524409739
1583009084
1533209823
1520209928
1577909847
1583309293
1520309448
1599709283
1529309499
1590309889
1597209008
1530709300
1522409828
1500209934
1574009209
1500409873
1587009237
1538709099
1529009099
1598809483
1542909277
1577209044
1523009893
1538209778
1528809397
1500309443
1588409979
1509309773
1574409428
1538209942
1537709892
1588709740
1543409944
1507009332
1500309047
1544709877
1599209848
1527709382
1539009447
1529009934
1598909499
1532209284
1530309077
1507009399
1502009479
1502009227
1588409242
1507409880
1577209399
1538309422
1529909842
1592009499
1588309928
1538709477
1587709734
1542809277
1588709239
1580409940
1544809044
1547809499
1584409092
1583709773
1574709799
1530209942
1580709442
1584709449
1579909893
1574009770
1597709320
1572009339
1599809090
1598009829
1583009974
1598009240
1533209290
1547409977
1549409773
1504409727
1509309989
1594409980
1549009470
1570909973
1570909900
1500909328
1507709004
1534009903
1588009280
1524809877
1533209872
1538009948
1582209884
1522909448
1534309002
1582209797
1599009924
1593009427
1599009847
1548209889
1504009009
1544009400
1544709323
1547009884
1507409989
1583009882
1533409890
1598809378
1532009780
1523309242
1572009230
1549209733
1532209393
1590209822
1539009308
1524409829
1599409344
1502209307
1533709744
1503009047
1532009329
1500209903
1543709973
1527009720
1577009387
1509209002
1528309228
1547309778
1509909482
1522909470
1533209894
1524009792
1570809987
1593209449
1590309700
1588709820
1522409074
1577009040
1520809977
1507009709
1594909339
1579909473
1529009370
1502209972
1547709243
1537909003
1502009409
1537709874
1570809332
1577909488
1508009073
1528909974
1528809882
1524009437
1590209833
1508209033
1527709273
1524809920
1502009302
1579809982
1584809770
1539909303
1587909440
1549309877
1588209397
1503009240
1599209327
1529009240
1592209043
1524209227
1500809882
1588009872
1503909440
1577409233
1544709890
1572209039
1520809899
1593009882
1522409423
1509309972
1548309400
1539009208
1508309377
1543309434
1594709984
1507309937
1587009928
1534209244
1507709739
1549909844
1527709308
1574309448
1599809489
1547009708
1543009248
1503309447
1522309894
1580409499
1503009748
1527709074
1520709442
1533709407
1503309430
1590209909
1583309870
1599709498
1582009347
1533009480
1523409722
1534009700
1507709389
1579809988
1548209930
1579209332
1534809800
1532209279
1572909799
1534809927
1588909802
1584409308
1578809398
1508009799
1577409049
1522309740
1500209028
1509909772
1584409478
1593309377
1598809770
1583909800
1547709492
1589709942
1542909448
1587809880
1577909897
1594809233
1507809443
1587809440
1543009893
1530209377
1583309308
1580209800
1544909384
1503309908
1570409984
1587709840
1527309233
1573009924
1599709922
1544209422
1573909929
1598809472
1544909882
1588209803
1548009922
1543009839
1594909880
1508809779
1532809932
1524409803
1588009078
1522809898
1507709202
1572809940
1583309974
1540209833
1534009382
1544009230
1523009207
1593309924
1528009298
1539709477
1582009922
1578309922
1542709774
1593009848
1530409433
1539909320
1542309902
1502409007
1542009440
1503309979
1597009288
1578809974
1509909828
1572009979
1504909903
1594209972
1507709084
1538009973
1528309989
1572309903
1574409474
1587409932
1589909438
1537709923
1583309829
1524909330
1592209793
1529909037
1504009889
1523809922
1500809388
1599409294
1573209440
1504309949
1588309790
1597809377
1577409949
1587709827
1524009939
1588209770
1532209727
1588309029
1547009273
1583209887
1522909344
1544209404
1597809934
1500809782
1593209922
1522909422
1573409978
1549909742
1599209988
1587009378
1593009883
1594009840
1592009788
1588909048
1580909799
1594009843
1593009078
1530209334
1593409223
1534809882
1507709920
1579009283
1593809288
1544809708
1529909798
1584009790
1574409827
1530409972
1543009409
1588009830
1527709793
1547909979
1582409970
1574009427
1500909747
1538809943
1592709877
1588409882
1532209278
1503009944
1598809303
1524409288
1584409799
1578309904
1547709280
1520409700
1500809043
1533009393
1533709390
1500709232
1500809003
1528009798
1582009083
1522309820
1590809880
1582009747
1583709477
1527309978
1523909002
1508209003
1523309220
1547709274
1579309987
1599809837
1537009079
1583009438
1549909978
1538409449
1577009047
1537009470
1509209928
1544209928
1542809772
1598009822
1528209949
1500209479
1548809070
1593009022
1588909440
1589909324
1529009049
1537709072
1572209382
1522409434
1504409970
1597709874
1543209937
1539809987
1508009404
1573009788
1547309889
1549909223
1587709494
1590709947
1523709887
1598009897
1577809487
1579909833
1543309470
1599409320
1587709329
1578909948
1599009328
1577009030
1527009329
1583309728
1533809080
1528309002
1500409924
1593309838
1578809098
1522009472
1522709203
1502309988
1573009238
1599009809
1599009074
1594009324
1572409300
1549009443
1500709332
1529709904
1500909940
1542309433
1529909730
1588909747
1548009702
1504409422
1533409729
1542409433
1508309443
1547709304
1537209448
1594709440
1580209022
1573309220
1502009094
1572809377
1543009942
1597709002
1539909033
1577409890
1524909002
1577809839
1507709387
1572709907
1509909472
1542209373
1507709703
1502309779
1588709707
1533809097
1540209229
1599809209
1542809003
1542809399
1520809774
1579909782
1544009827
1543309283
1500409303
1594409477
1549009300
1527009949
1583009809
1587009240
1589909920
1584009883
1533209940
1539909449
1572209970
1544809938
1547709300
1593809882
1593309093
1504409749
1587709327
1543709970
1598409088
1583309809
1597709049
1597209099
1593309084
1593409779
1522809044
1543909922
1524009404
1534209733
1582709700
1592909200
1542309973
1544309898
1530209822
1580309244
1599209293
1502209837
1533809949
1543009022
1542209234
1590809477
1547709792
1538009080
1549409722
1532009982
1544909827
1509709984
1589009828
1573309474
1583009937
1504909970
1530409908
1547709483
1597809773
1577009949
1507709870
1500209299
1588009783
1592309277
1579909808
1599409803
1530409244
1534009747
1582309442
1578009977
1533009428
1543909447
1507209233
1599209374
1549009379
1588009009
1528009923
1570909022
1584409932
1522409374
1573909033
1500209338
1588409779
1543409008
1523309094
1533809042
1548009349
1578209227
1577009727
1529009889
1504409408
1594409442
1503009879
1548409400
1573709788
1507209930
1540709099
1532009842
1534009284
1533909989
1524809433
1543009770
1584409748
1599309789
1544209090
1542209093
1544209782
1533009098
1578309934
1593209088
1597209488
1597009494
1593009203
1548809829
1502209323
1544709232
1504409233
1573309432
1500809228
1534009828
1542209803
1534009094
1582709007
1539809277
1597709744
1537009883
1578009803
1583309480
1582309300
1538209799
1500409783
1582409939
1508009828
1502309947
1527809947
1544009843
1577309244
1533409074
1578909277
1500909438
1582309982
1570409937
1538709937
1529909084
1502209782
1502409223
1589909747
1500709949
1593909044
1509709300
1539009443
1577909283
1502009739
1548009900
1597909227
1578209933
1593309982
1528309988
1580909009
1543909344
1573909983
1582209499
1597009200
1589909902
1527209233
1528809722
1503409449
1500209988
1592709884
1547909932
1508009089
1578909982
1530409773
1588009278
1584709904
1508809827
1527709034
1508309033
1508009897
1578309377
1529409733
1544909283
1533909794
1598009843
1530309883
1588409793
1587009003
1593709899
1593309789
1589009883
1549909783
1577809424
1523309897
1592009289
1507809929
1538709974
1508209778
1534909477
1500709900
1578909799
1573009092
1572909004
1574009370
1538309288
1594009088
1537209332
1502009234
1532409902
1532009328
1583709440
1507309399
1502909388
1538009830
1594909337
1500709093
1524009227
1523209300
1530209477
1573309302
1572809033
1578009983
1570909929
1598809034
1574409087
1533909977
1522709420
1527309774
1583809908
1533409400
1544909784
1509009930
1583209700
1573909700
1523009233
1577209370
1583709044
1509909470
1507909982
1578809447
1529809770
1528209229
1529009478
1533909723
1542409982
1524009873
1522409424
1597209970
1502909448
1579409983
1594009300
1580709772
1583309802
1548709200
1572009332
1509409499
1597809244
1548209922
1520709334
1579309338
1503209983
1507909978
1574009904
1579409982
1544309384
1570309772
1580709938
1574009887
1599309092
1598809743
1572409447
1583009734
1502909339
1522909343
1527209943
1580809233
1577209838
1527809200
1579209772
1597009224
1570309399
1582009274
1577909942
1529309934
1543209388
1582009290
1588309397
1500309334
1587709027
1548009432
1522909208
1598809872
1500409383
1504409387
1500909847
1578309007
1532209397
1577409794
1533909073
1509309322
1590409322
1584309322
1509009273
1542009974
1528309244
1509909929
1599209709
1582009434
1587009442
1599809298
1543409448
1587009474
1548309443
1590309433
1508009228
1529909423
1577309749
1532209772
1534709982
1530709440
1533009442
1529409773
1579009243
1542709948
1533209228
1503009707
1532409887
1598709400
1534409730
1572909942
1580309399
1508009789
1502009744
1580809938
1587809447
1572809877
1582009807
1503009477
1544009407
1500209723
1527709782
1578309833
1582909928
1539909889
1599009228
1539009708
1583209900
1538909244
1537309778
1588009479
1549809940
1533209023
1522409488
1500409047
1597709223
1544909204
1504009224
1597909902
1522809003
1539009379
1570409299
1529709770
1587809932
1583409722
1532309970
1527309788
1593309720
1528309224
1572009743
1588709748
1590709338
1578709943
1578809787
1589909932
1593309884
1589909794
1588409404
1522809483
1577809837
1593009440
1532809433
1528909477
1539809422
1583009700
1548909943
1544709902
1538909799
1532709244
1537709409
1594309907
1592409330
1533909482
1532809899
1587809943
1520809338
1507309448
1588309728
1522809290
1538809787
1584009038
1599809807
1592909800
1598309982
1523009298
1547009827
1597709302
1523309773
1579909922
1523809448
1543009897
1579409924
1592409980
1549909288
1538009347
1528809938
1500209033
1549009293
1583309443
1583309937
1547009847
1534409024
1509909289
1524409387
1500709737
1549009892
1570409400
1532209944
1594309007
1509309949
1533209807
1582209974
1532009234
1527009422
1574409022
1533809493
1583409940
1509909270
1548409700
1528309223
1580309223
1530309099
1503409337
1533409337
1533809720
1572009744
1520709227
1593309703
1593009833
1598709099
1549009499
1584809902
1584909200
1584009498
1577209489
1537709707
1544909492
1589409337
1589409900
1587909980
1582709987
1599409833
1504409798
1533209028
1544909739
1574909984
1577309407
1584009370
1537009200
1549709899
1580909022
1509309722
1538309003
1594409089
1527309009
1579009002
1542709928
1542209970
1522009044
1548809922
1598909974
1587709374
1573809779
1584009972
1523709947
1599009042
1573309720
1522409472
1597709973
1588009740
1534209923
1599009790
1599809840
1529309943
1533409297
1573009944
1502209848
1520809733
1577409090
1590709909
1572209878
1524009774
1503009449
1522909380
1574909933
1538809922
1573809989
1573009070
1579909820
1542709338
1577209002
1547009274
1522909749
1588209448
1577009473
1583009397
1549909939
1527009332
1549009338
1594409392
1573309807
1587309004
1589209948
1534009398
1543909488
1547709232
1574709908
1597209887
1593309779
1533009894
1508809323
1572009229
1527209930
1542409448
1543909277
1588409003
1599309240
1508709978
1527409944
1520809299
1594709889
1592709982
1599309809
1538009899
1590909970
1572709779
1583809244
1588009332
1522809020
1544909043
1543309200
1538909907
1583009282
1590909974
1530309772
1533209208
1599309383
1584809337
1574409230
1580709970
1572209397
1547009378
1593009207
1584809972
1543009974
1543309004
1589909890
1587309880
1597709843
1508209388
1599809043
1520809004
1537709074
1543909322
1532809277
1539309989
1542309940
1598409288
1522409982
1520209982
1532009833
1573309898
1540709228
1528009044
1598809308
1547809949
1523209883
1583009884
1572009774
1547309399
1589409223
1523709003
1543709988
1579409949
1500209220
1523809938
1540209773
1542309932
1508009443
1588909982
1534409447
1524409282
1529309288
1507709808
1522409907
1508809339
1532209042
1520209822
1500809427
1504409808
1529409949
1593009332
1540709972
1547409889
1574209442
1529409899
1570209088
1542809033
1587709088
1570909499
1544009894
1539909247
1537009043
1537709433
1502209744
1577309392
1547709373
1522309090
1599009929
1592209473
1592809442
1587709802
1592009823
1578709900
1502009779
1598309942
1500909027
1548809089
1572209443
1599209230
1503309700
1589809332
1524009808
1573009928
1587009483
1584209788
1527709723
1548309920
1544309797
1530409833
1524309973
1598809307
1584909908
1529009890
1503309020
1500709337
1508009094
1522309749
1577309040
1599409873
1598409907
1538809230
1593709778
1589009979
1500409040
1599309084
1577009787
1532009098
1594209880
1583909980
1533709834
1548709722
1527709394
1528709972
1574409782
1503209970
1582209220
1504209929
1589809004
1548209977
1500709824
1502009970
1578309388
1584309002
1522309087
1583809223
1539709447
1534009348
1522909449
1590909989
1524209882
1597009980
1528009240
1549009723
1522809287
1522709773
1539709433
1587009288
1543909337
1547209989
1574009847
1548009044
1543309233
1537709774
1537309947
1574009277
1573709400
1598209774
1592009882
1594809930
1533409082
1507909880
1537409338
1588909372
1549009883
1548009298
1530209700
1530309833
1528809843
1509909493
1543809388
1588209338
1584409729
1500909388
1594409338
1502709003
1584409044
1589309800
1574009874
1573309400
1523009788
1523709902
1572009020
1504009338
1549209889
1544309342
1542709227
1533909090
1590709330
1509009809
1594309338
1533809242
1539909742
1588909797
1597709082
1542009028
1504309982
1582309949
1500709874
1599209428
1533709949
1594809844
1534009490
1542009482
1588709437
1597309900
1597909744
1582209870
1532209229
1522909232
1533209793
1503709907
1522809028
1538809379
1588209704
1530309924
1570809440
1532009822
1582309970
1570709944
1583009820
1524009327
1547809228
1503009249
1523409770
1587909223
1539009304
1542409899
1528809234
1520909088
1529809223
1573409799
1532709900
1592709772
1533909724
1592209942
1509009800
1594909984
1584409277
1539909807
1539809932
1544309978
1578409442
1592309822
1528409900
1578409220
1548309244
1578009704
1579909387
1532009792
1549409788
1527909722
1573309027
1502809988
1584909778
1584809004
1598809339
1529909088
1582209038
1589809940
1597709338
1574009303
1534409784
1597409004
1532009272
1593009379
1599009940
1579009497
1533709043
1504409072
1574709422
1533209030
1522709308
1588409870
1599009009
1594009849
1588709499
1503309429
1524409790
1583909337
1500309773
1592209838
1588209877
1502409970
1500409787
1533209749
1549909079
1592209772
1523009430
1588309733
1582009090
1579809942
1584209077
1588909809
1544009433
1523009040
1578009733
1533709278
1584909982
1582409987
1594409224
1539709988
1542909442
1549909492
1522009727
1588309808
1578809092
1590809907
1537009243
1507009723
1500209070
1533909393
1579909040
1572009397
1504209033
1527009200
1507809970
1547009800
1537309002
1508809872
1500909843
1527909904
1542409883
1582909337
1574409789
1534409430
1503309828
1597709984
1582209879
1509409288
1520409778
1542209297
1500809408
1584409802
1594009298
1592209329
1534009273
1599709422
1538809984
1577009449
1524309979
1504009700
1544909929
1533209774
1533009038
1529209772
1543009732
1592009799
1527009394
1502409924
1548209044
1524709244
1544909448
1577809787
1593709322
1528809499
1588409037
1537909929
1503409942
1534409739
1507309722
1537009877
1543909338
1524009002
1508809093
1534909979
1508409977
1508009737
1522709239
1588409877
1509809227
1537809907
1540209788
1594409839
1572009788
1504209882
1523309233
1544009094
1570709880
1549009394
1527009208
1540209977
1504709733
1583009730
1544309008
1533709440
1579009928
1542809989
1523009944
1590709982
1509309442
1592909973
1530309488
1542909229
1570809722
1590709940
1527209008
1523309027
1539309972
1579909234
1547709349
1549009243
1589009938
1534409799
1539209223
1594209882
1522709389
1597709074
1587709202
1543309437
1508809832
1572909244
1524809339
1597709084
1580409334
1500309439
1543409277
1539009894
1527409934
1548709833
1578009790
1527009089
1542209230
1593209877
1570209002
1529409772
1544709433
1549909233
1540809877
1537009403
1583309273
1582709984
1548009428
1500409734
1578909880
1524409204
1503909773
1524809924
1533709098
1583009473
1597909033
1507909770
1578309900
1507709404
1500409979
1508009484
1544309983
1588709807
1582809974
1537009423
1582209843
1573309280
1532709288
1544709449
1572209272
1548009290
1528909929
1533809834
1532309770
1572409932
1523009934
1548009088
1500909920
1594409073
1588209228
1588709202
1504409243
1537009038
1547409887
1538909778
1548809240
1528009838
1534409772
1592809907
1580709989
1509809974
1523909877
1509009484
1549009477
1574409290
1533909344
1587309923
1534009202
1577209423
1538809838
1594709277
1522809803
1598709979
1503809844
1524909772
1594009783
1548909948
1577809898
1503009747
1599009390
1502709344
1583709233
1572309442
1547409779
1583009943
1524409920
1533709033
1532009843
1529009743
1592709934
1543309080
1579809884
1533409473
1540809923
1548409722
1572409928
1572209229
1508909002
1500909492
1539909083
1529009022
1588009977
1520709877
1592009423
1577209927
1509009348
1529909243
1530309800
1577909842
1527009428
1588309828
1534009842
1502209943
1527909973
1524009430
1500309332
1579709978
1588409478
1534009097
1572809822
1540909987
1542309779
1584409024
1594709978
1509009224
1588009822
1578909004
1538309887
1533709727
1588309832
1509009239
1574909987
1597909400
1588909988
1584009238
1584409307
1570309978
1508809743
1500209407
1503909224
1527909922
1594009299
1583209044
1543009433
1532009897
1542209289
1504809334
1572009330
1542209947
1537209880
1572209922
1584009032
1539009709
1599009794
1523309003
1594209978
1573309420
1537009439
1577009298
1508209339
1593309090
1593309978
1507409220
1598009228
1542209304
1500409987
1584909700
1522709727
1500709880
1534709022
1538209200
1509909092
1530209909
1507009887
1532309008
1598309979
1522309940
1522809798
1542209974
1580409877
1527009204
1509009407
1593009972
1588709038
1539309447
1504409903
1599809900
1539009297
1500209243
1582009787
1528009080
1530209223
1578709923
1543009082
1534709902
1548809343
1503709003
1592209274
1522009490
1593009038
1543709477
1592009744
1598809344
1520209932
1500309307
1507209822
1508309300
1597709800
1529309220
1593309432
1533709449
1579909807
1540409002
1539009074
1577209800
1504209908
1580409337
1540409882
1502009430
1500809987
1542209440
1539809937
1579709778
1598809728
1522909348
1529309899
1523009887
1543909244
1577909479
1577809908
1594709443
1544009842
1548709700
1533409983
1547709400
1542009493
1508909800
1527209883
1522709290
1532009270
1589409220
1579009272
1500209497
1528409937
1582209232
1572409778
1549809443
1584009704
1592209402
1570409338
1500909739
1500809730
1589009473
1544909027
1574409332
1582709449
1588909978
1500209892
1539909049
1590309978
1597709944
1520409984
1522009822
1533209937
1504409428
1538709943
1592209400
1538709344
1527009900
1530309923
1538009478
1528909088
1537009798
1599409393
1537909440
1577009424
1532409877
1533709393
1524909949
1572909949
1537009343
1530209299
1530909772
1544309493
1588909780
1577009332
1587009872
1582809920
1522409242
1500309093
1577309802
1529709447
1548809473
1509409388
1522909278
1570409300
1502009840
1588709772
1534409899
1572009029
1529909803
1589909934
1533809098
1532909884
1500909382
1542709922
1582209774
1572209743
1508009849
1570209229
1577309747
1589009304
1533409738
1533209824
1524809400
1523009290
1544809049
1597009824
1579009033
1522909249
1597209033
1527709398
1523909930
1547009488
1538709220
1507709230
1504209939
1579209833
1522409723
1533809073
1538709227
1587309882
1594809973
1524909449
1549909338
1589409987
1500209002
1528909442
1534209948
1534009487
1584209774
1503009284
1544909988
1587909447
1582009843
1583309908
1549209223
1543709927
1507909924
1523009404
1594909978
1599709928
1584209907
1543009329
1577209422
1589809939
1509009947
1573009848
1577309922
1530809922
1507209987
1572709009
1588409732
1533809484
1500709494
1577409482
1549809934
1500709884
1574209440
1528009324
1579309833
1547009838
1578309942
1523909773
1533009884
1542709277
1508009827
1522309040
1573309424
1507009388
1572309982
1597209924
1598209973
1572009733
1592809077
1500409293
1582009892
1544709920
1588409237
1548009243
1588409847
1589309929
1534709477
1592009879
1544009099
1538009289
1548809079
1589909939
1502009039
1502309970
1587709372
1594409432
1593809932
1547909077
1503009208
1502409880
1589909942
1587909008
1597009382
1500909034
1573009289
1574309778
1524209334
1529009773
1572409700
1593809033
1502209938
1597009307
1547709229
1599709939
1533009338
1579209944
1597009437
1530209733
1583009709
1500909407
1574809979
1583709088
1548709920
1578709733
1528209339
1548809242
1579009030
1503709889
1577909872
1508809739
1529309007
1502209408
1502709009
1542209743
1573309492
1580909978
1543309344
1593809443
1507709083
1588409098
1509009902
1527709009
1533909773
1572209484
1587709379
1597009072
1523809800
1573909979
1572309233
1533409244
1570209200
1537709979
1520309924
1508209884
1508809897
1538409300
1578809783
1580309338
1582009740
1540309984
1588209894
1549909203
1527909779
1534009098
1587709230
1597009420
1580809883
1574409080
1524409449
1537009703
1577209793
1590709907
1527809932
1587709898
1508409388
1583309009
1599409707
1534809970
1507009298
1502009874
1522809828
1522709474
1529309907
1580309932
1509909433
1549709920
1508309800
1522709382
1574409027
1504909322
1538809794
1504709433
1573409733
1582409903
1523009780
1533809328
1524909722
1522909383
1502909337
1580809447
1538209977
1540709982
1537409433
1530209288
1508209477
1549409229
1574009949
1504309799
1578009904
1599809248
1544209700
1594009793
1544809304
1504409020
1582209440
1533909498
1578809328
1508009392
1584209844
1588909923
1537709902
1570809774
1537009822
1538409228
1549009977
1597709282
1524709929
1549909873
1597709024
1529709443
1528209224
1588309303
1524309477
1579809300
1588309824
1502209087
1594809940
1583409223
1587709943
1523309798
1598309980
1599209298
1577309793
1599709877
1522409324
1524009974
1543009789
1532409882
1574409848
1570309937
1528309344
1547409002
1533909984
1588209033
1589909909
1548009480
1503809979
1592209497
1542209738
1522709237
1574909844
1533409007
1599809944
1528209909
1579309447
1548809877
1530809882
1579909700
1548709033
1578009349
1592009424
1544709484
1584709477
1587009722
1577209244
1539809330
1599709032
1599209924
1523309744
1598909788
1593309424
1543009472
1584009420
1572009479
1527009928
1539009339
1509009704
1579209377
1520909942
1502009904
1598009272
1588209474
1504809009
1503809984
1597009392
1580909922
1597409007
1529009472
1503309324
1529409009
1523009372
1508809792
1509709002
1527309488
1532909449
1584409079
1599209034
1579909223
1549809007
1592409224
1582409833
1572209737
1534909904
1597409944
1583809422
1537009298
1598009009
1589309822
1527409700
1502809002
1588309434
1539909279
1577209832
1599009022
1532009442
1578309938
1502209232
1534209904
1523009237
1547309400
1533409434
1538009742
1572309700
1528809487
1532009774
1539009739
1538809982
1577309970
1588909424
1593309033
1529909349
1588209422
1578409773
1574009700
1532009033
1549009730
1577309778
1503309297
1523409433
1588009348
1540209442
1524009703
1548809323
1549009707
1522409478
1548909982
1548809230
1500809723
1522909297
1529409937
1527809904
1543809880
1584909800
1593309707
1509809344
1582909938
1534209947
1539009309
1547709207
1543309240
1534409477
1523909009
1547709099
1572209404
1599209344
1589909772
1502409977
1502209437
1500209783
1529909032
1547809334
1507009773
1534009498
1587709223
1530209447
1527709978
1577909840
1578809973
1527409778
1508009839
1522409897
1574409847
1583309787
1529009774
1549809477
1598809387
1504209334
1502809942
1599309843
1507009339
1533809980
1598809907
1577209830
1572009244
1588209829
1587009200
1543309877
1598809304
1592809903
1577909423
1598309822
1588909090
1524009042
1579909407
1580809900
1509809224
1544209082
1589009237
1529409322
1584809299
1522309094
1570909899
1500909320
1597709038
1507709030
1570309088
1522909089
1524309377
1584409400
1584909889
1543309783
1537009247
1582009382
1534209003
1598809207
1574409728
1503209399
1538009887
1534409328
1508409972
1548709002
1528009942
1503009728
1594409308
1598009802
1590709422
1548809740
1579909484
1507009440
1502009939
1524709887
1577409877
1579209447
1593309232
1543209009
1599709208
1577809889
1503309073
1599309229
1542209989
1537009900
1522709822
1523009279
1549309772
1599309783
1588909882
1504409884
1593309930
1534209300
1523309482
1579009273
1572009870
1589709844
1533209084
1532309044
1524409977
1529309902
1588409203
1528809422
1594309033
1572009833
1529909343
1599309307
1573009804
1500409939
1500209708
1503009383
1588009383
1537709349
1590309984
1588709848
1533909084
1572809228
1503309027
1578009907
1500809870
1578909299
1599309343
1588409338
1574009908
1538709228
1587909227
1598909988
1520309923
1587009920
1534409273
1587909224
1573309044
1570809822
1589909037
1583809883
1578309949
1572209037
1527209772
1548309477
1594909334
1529909337
1584009270
1573409833
1527709242
1579809947
1573909970
1572209204
1502009799
1504809927
1523309090
1598709939
1508809778
1572009493
1527009484
1599409439
1594309299
1527009449
1522409499
1537209940
1528809287
1524009083
1500409438
1534809022
1593309987
1523309328
1583809799
1570309002
1500709878
1520709033
1529009738
1532009722
1528809924
1578009804
1527209902
1593309323
1544909048
1597009020
1598709989
1543209882
1503009394
1578009387
1504409084
1533209794
1532809979
1579909973
1502009793
1544009482
1500909090
1500909343
1503309249
1597709783
1587209930
1539809938
1502209883
1508009390
1528809227
1573309447
1587209220
1503709970
1577409789
1588909044
1522709703
1542809443
1547009409
1500409074
1533209978
1584909948
1503009439
1587709300
1533009083
1548009200
1528209883
1593309439
1599809089
1590909942
1542309909
1540709223
1522009372
1522909894
1508009040
1579409700
1529909703
1592809942
1500309329
1583009737
1589909743
1520809779
1540409980
1524309733
1500309870
1594709983
1587409774
1583309227
1572409733
1547009387
1523909499
1588409724
1507209733
1573409399
1579009040
1599209749
1587709449
1534009898
1577909893
1577309223
1573409337
1523409932
1509309244
1570309288
1509309980
1503809344
1573809277
1539709448
1579009974
1549409700
1592309904
1579909927
1527209980
1527309984
1533809227
1582809477
1548009800
1534009883
1534309399
1578709833
1524409304
1538009277
1533209709
1533009730
1587809772
1593209887
1594009778
1587709974
1589909887
1588309470
1528209447
1578809880
1528809007
1523709099
1588309924
1524409873
1572209937
1523709449
1544709247
1548009872
1504909928
1507909244
1579009309
1597009342
1599309970
1527309773
1584009448
1577809443
1573809987
1549809908
1544809273
1582909077
1500809939
1538409744
1572209074
1594009239
1504309947
1540409949
1572309377
1584409083
1590709700
1579909324
1522409720
1502009397
1584409890
1502909942
1508209770
1502909044
1500809880
1509909729
1597209223
1577809432
1579009872
1543009939
1548209388
1504009040
1534009894
1507009923
1520209799
1528209449
1582009443
1548009429
1579409833
1500909004
1574009738
1508409920
1547009792
1543409942
1528809790
1544309833
1529009302
1507009202
1532009400
1544809420
1597209772
1587709402
1592909003
1549009440
1589009872
1573309970
1538909984
1588409834
1574209902
1579909972
1597309903
1594409322
1544009039
1533709802
1588009430
1587709032
1529209822
1580909774
1500909079
1529809443
1584909339
1537709837
1584409790
1588909889
1507009200
1599209934
1527209400
1572009442
1503409088
1549309334
1533209423
1544709338
1530309499
1549009072
1583909928
1599709497
1533409900
1504409073
1524009844
1598909887
1532209047
1539409833
1573209822
1597709292
1548909008
1537709778
1597409449
1577409404
1549009727
1508909448
1597709743
1509009883
1533409798
1598809900
1578209779
1590409900
1582909477
1590209779
1599709427
1593809889
1583209440
1593009420
1538209422
1549209388
1577009247
1537309882
1543009239
1573209772
1547209800
1593409923
1598009098
1578209889
1598809843
1579009220
1500909723
1572009470
1523309279
1500409273
1522709437
1503009074
1527409339
1599409379
1579209009
1584409382
1588209398
1527909947
1598409772
1527809099
1599009322
1592009897
1597009427
1500309942
1594009909
1500909483
1573009943
1597009279
1597709824
1533009279
1504309933
1522909334
1570409800
1587009779
1592709779
1597009907
1528909889
1522809882
1574409339
1594709903
1500709009
1587009073
1508809408
1579309322
1524309880
1538909822
1522809488
1500409884
1597009782
1573209944
1588209774
1578809803
1543309792
1594409289
1573309332
1587709928
1577909794
1597709887
1587709842
1594309779
1598409700
1582909983
1528309943
1533809034
1527009233
1532009873
1527909889
1533009828
1592009407
1544209982
1522309702
1503909833
1509309422
1587209440
1542409344
1593209822
1577009074
1590409930
1543009899
1587809299
1573009447
1599209834
1527909948
1580409980
1582909884
1573809744
1504809440
1598809829
1582209727
1533209498
1533209404
1509209904
1543309920
1573309884
1533709392
1593009984
1589009970
1599709080
1500409408
1589309887
1544709233
1594409483
1503009832
1588909342
1578809372
1524309033
1547809223
1598409982
1588909078
1572809943
1528809420
1588909379
1533709007
1523909422
1588209924
1538009327
1573709288
1597009040
1597209800
1548809040
1593209939
1508709334
1534209330
1587009403
1588209099
1528809838
1548809290
1502709924
1507409943
1572909277
1530409980
1508009092
1538909088
1504009978
1522709744
1528709774
1500309037
1507309982
1528809088
1549709332
1589709448
1598009809
1579409228
1599209039
1584409772
1598209004
1592209347
1503809779
1522309947
1572409970
1592809989
1539009289
1527409844
1579909794
1588409394
1577309484
1549409822
1572209223
1573309238
1547209440
1538809702
1587009303
1539809044
1539309003
1587909488
1584209929
1533809383
1532909477
1507309927
1599009374
1520409077
1580709448
1527409948
1522709220
1527909979
1522409099
1599209987
1598009779
1599209948
1548409979
1539009870
1544009302
1579909033
1524909332
1543809077
1538709938
1532409904
1549009049
1589809900
1538809879
1500809090
1523309324
1598809093
1574009987
1592209093
1527009783
1544009080
1582009770
1583309989
1594209002
1502809033
1578009942
1527309922
1537409940
1593709822
1582209700
1547009824
1578809749
1527709379
1580809949
1537709840
1592409773
1502209792
1590709933
1509009339
1542809900
1570709978
1547909788
1592709722
1548209972
1508809007
1523009933
1544709390
1549809229
1549009774
1539009822
1538809793
1574909923
1580209477
1588009297
1509709900
1533209434
1549009939
1573809022
1594009003
1548009783
1528909770
1548209400
1522309208
1503809700
1594909924
1577809039
1539009392
1520309939
1532709970
1533809942
1594009989
1592209722
1589709200
1524209944
1597809033
1583709788
1578009420
1539709322
1533009489
1599409299
1533909902
1548009402
1594409397
1588309439
1544209743
1579909494
1572009972
1527209779
1574309332
1532909288
1504009732
1527909943
1522409970
1504009238
1507709334
1502009734
1597209978
1520909980
1522709480
1598009729
1538809799
1544709023
1542009002
1588209844
1582209983
1574909339
1542009289
1587009490
1544209387
1509009290
1588709430
1543009292
1549309907
1584409949
1534809009
1572809744
1500809399
1502009807
1509009722
1500409077
1524709970
1584009007
1574709909
1527709302
1524809902
1544309972
1599209297
1542309224
1580409220
1570309934
1537909978
1572209473
1572709300
1588009227
1592009088
1530309388
1570809228
1540709002
1507909339
1599009900
1592209077
1532009704
1500709929
1527409044
1582209004
1573009890
1508809038
1529909283
1582409338
1500209478
1534009230
1500709377
1540209978
1544209284
1532409422
1594009794
1588309482
1577909849
1534909099
1577409228
1537909299
1573309489
1590709927
1544909323
1540709883
1544909020
1588309879
1534009030
1597409388
1598009477
1542809008
1524409943
1542309900
1534409843
1598909983
1528809330
1599309824
1520409927
1573309084
1579009328
1533909728
1588709899
1503909077
1582709778
1538909938
1573909009
1577009807
1529909348
1577909398
1543409924
1594709944
1533209484
1538809724
1599009020
1549909872
1527009080
1533209720
1507709044
1524809980
1589209833
1572009808
1500309489
1542209877
1522309322
1579009228
1539709774
1538009292
1588709977
1530209970
1594409272
1508909772
1547409973
1549009700
1577809083
1580709499
1509409924
1524409024
1589909828
1583309930
1574809903
1507709043
1522409787
1539209033
1523209338
1594809449
1522309402
1583309272
1589909289
1583709007
1588009484
1509209099
1539009703
1588009273
1588409743
1599809033
1548009483
1583809788
1500309007
1579909204
1577909988
1587709972
1548909773
1509809899
1537009099
1549909748
1579909292
1527209800
1578809920
1597709747
1590809488
1504409883
1597009829
1599009748
1504709770
1509409942
1533009332
1570709399
1504909244
1522909494
1522409804
1583709939
1544309320
1573009433
1548209932
1523209700
1587709923
1589009484
1508409007
1527709094
1533909009
1524909338
1537009494
1537009733
1577809203
1574009339
1523809233
1598909227
1523309492
1509909443
1572309900
1574009224
1544909078
1509209938
1548009808
1547709978
1502409244
1578209977
1543009043
1507009984
1599009989
1549909484
1500309778
1573309472
1584009923
1598809278
1528309477
1583009437
1582009839
1544909209
1594009347
1523709778
1574409439
1527309008
1507209220
1528009727
1583709228
1539709440
1574409920
1588709244
1504009802
1522909498
1547709447
1542909940
1582809033
1599709472
1533209908
1500309272
1530809900
1549909084
1502209022
1542809448
1583209979
1599409070
1589709920
1582809927
1528409988
1594309334
1522909443
1588909848
1509009287
1574709844
1583309030
1522909338
1599409939
1599409207
1504209987
1529809903
1549309770
1584009874
1507209948
1549809400
1577809498
1588409290
1594809477
1503909973
1542209303
1572409972
1539809299
1507009837
1574009903
1503009973
1534009727
1509009770
1548309377
1548309299
1504009702
1594709908
1572009297
1583909244
1548809344
1500809334
1574409780
1573709979
1587309442
1509909303
1597909399
1577309807
1544309744
1579909829
1507709903
1533409043
1592009430
1578309929
1544809882
1509009773
1583309448
1548009897
1504409940
1587309934
1578809440
1504809937
1599209977
1504409434
1574409370
1543209942
1578409920
1587009834
1507909447
1582809277
1538809097
1592809733
1538409788
1539009038
1547209022
1544809903
1527009027
1539809228
1597409339
1532209730
1594909799
1500909403
1577209904
1599209097
1580209077
1544809830
1593309770
1583209882
1577809934
1599009943
1579009782
1534909033
1538809900
1584409803
1544909707
1520909440
1544809440
1504309477
1530309980
1532209377
1507409799
1538809940
1538809923
1528909984
1539909079
1597009290
1543809033
1533909848
1584009273
1594409234
1578209788
1508309422
1500809480
1548709228
1507409422
1599709227
1544809223
1584909443
1590209077
1580209900
1593409448
1508809979
1549009799
1547709422
1547709337
1592809099
1534409779
1508309932
1583909902
1574809722
1548909338
1593309029
1594009970
1577309974
1574009902
1599409003
1537909338
1599209449
1549009288
1572709447
1592909939
1547209902
1594409979
1532209492
1577809380
1503709899
1534009720
1537909770
1589909740
1537909970
1589909094
1528009397
1579309008
1537209939
1532809982
1589409499
1574009839
1529909407
1574309974
1509209889
1588309874
1578709887
1578809877
1549009733
1538809270
1589009800
1509009292
1542409778
1584409408
1572209498
1599209738
1573809700
1592009248
1534809700
1583309092
1543909288
1500909302
1598809477
1588709470
1570209907
1522909473
1527409938
1509209973
1544809390
1533909820
1520309988
1548409088
1549809339
1577209482
1532009494
1579809044
1509909332
1578009472
1529009824
1533709237
1588409342
1533009273
1502209707
1597709847
1543309230
1508009779
1502209387
1534409872
1599009494
1502909744
1599209003
1579809987
1570809773
1527709807
1543009738
1503309788
1589409948
1544709048
1503709002
1543309209
1587009294
1577309078
1547709079
1539709773
1597909008
1523409088
1548909007
1529909493
1583309498
1584309887
1588909899
1500709303
1530909277
1543209377
1599709349
1520209940
1522009877
1594009704
1592709224
1520709422
1542709477
1542009047
1547909399
1529809800
1544809030
1503209443
1537309949
1544209033
1573309239
1587709348
1578009384
1598709833
1542309970
1579309477
1542909334
1578809804
1582009442
1538909442
1592009893
1582009227
1537009443
1520709929
1522709490
1597709288
1597409033
1573309079
1599309737
1522709892
1582009720
1537709848
1547709303
1588909470
1539709344
1578909987
1577309988
1529009933
1539909897
1537209227
1544909328
1507709394
1588909234
1543009773
1547309988
1532209289
1520809929
1503009773
1549009020
1532809774
1544309400
1573309730
1589009037
1584209927
1578209844
1523009089
1502009322
1520309880
1537009440
1507709229
1540909344
1508809922
1578009449
1588309843
1549209937
1592009304
1582209479
1523309023
1534809903
1590809338
1579209907
1508009937
1538309907
1582909770
1520209903
1523309737
1583409947
1587309884
1542409987
1542209044
1524209773
1587809499
1579009734
1504709488
1527909223
1589309972
1500309898
1592009892
1584409397
1529409908
1534409224
1544009220
1582309904
1578009982
1500409477
1583009407
1584009342
1543009873
1524009490
1548009424
1534909978
1549909373
1590909800
1583909944
1502809940
1503309322
1598009978
1543709774
1524809338
1540209928
1538009873
1599009273
1549409923
1588009498
1597409903
1582209787
1543909949
1524009087
1533909804
1573209223
1507709942
1578209443
1544309373
1588209374
1588409773
1572909937
1574909973
1544909789
1582309388
1547809377
1577209299
1500209343
1544709332
1592309322
1527809884
1588409792
1597009272
1597809977
1587209277
1570309008
1530709907
1588909290
1543809943
1579309004
1579409440
1587009829
1524909940
1588709498
1509009492
1590809844
1573209933
1503409443
1574009793
1588209773
1573409488
1549409200
1522009339
1597309788
1522909372
1593909833
1537009424
1597009872
1598809779
1533009798
1549709949
1507709302
1599809388
1589309299
1538709887
1523409929
1570909937
1592009733
1594409898
1578409200
1570309770
1593309030
1509009388
1598709388
1598709004
1542209492
1503309892
1539409972
1549209220
1592209489
1572409979
1584009482
1503309804
1594409238
1538909988
1527009042
1522809390
1530909987
1579909487
1542909927
1540909227
1584909233
1527009480
1528009272
1580909744
1500209790
1540309228
1577309832
1507209322
1579809978
1549909388
1527209227
1583409099
1579009304
1584409477
1540409989
1598009327
1539009928
1533009272
1597909700
1533809882
1522009099
1592909300
1599209980
1524009847
1528809488
1527009747
1509009324
1502009384
1583209004
1533809773
1528309877
1574809984
1500809798
1507909772
1588909038
1524409944
1577409304
1509409322
1533009373
1524309924
1523009984
1584209004
1534909944
1573009008
1522409388
1577009320
1539909233
1587709773
1597709924
1577009287
1597009799
1529209972
1509909880
1580209933
1573009929
1574409978
1584409749
1597009407
1503309774
1524009480
1598309983
1532209027
1534209448
1592909700
1590209223
1583809980
1580709733
1522909932
1582009977
1573409979
1538809307
1584409709
1547709043
1544009942
1587009827
1593009098
1594409893
1532409944
1544209229
1584409030
1573009430
1537009042
1528809934
1500809834
1533009883
1547909939
1548309800
1537409330
1502309774
1582209829
1548009378
1547209884
1533709790
1598309977
1599809094
1540309223
1508009090
1573009027
1542209829
1504909833
1534909882
1502209280
1587709877
1529809928
1573709422
1587709422
1520809330
1580709884
1538809928
1574409293
1507009382
1543709908
1547409220
1537009047
1543409440
1578809278
1533409739
1527009474
1533009802
1522809370
1539909228
1587409772
1594009482
1584309388
1544209273
1599809909
1528409949
1599809092
1577009843
1507809822
1573909332
1580709844
1500309847
1522309383
1522409034
1538709844
1544809339
1530809077
1534009373
1522709433
1542909800
1522809022
1537709048
1502009708
1527409330
1534009484
1587309984
1502209932
1588709387
1500709847
1587409933
1584409379
1594909774
1588709308
1572909477
1533809347
1507909224
1593809942
1579009399
1579709940
1579209942
1548809474
1592809948
1593209002
1577309703
1503009422
1593709338
1587709722
1577309432
1504009977
1544209449
1588209028
1599309279
1582909442
1533409484
1573209224
1524409897
1522909849
1572709400
1593409887
1539309940
1577409832
1543309883
1542009432
1522909970
1509309337
1544709079
1542909904
1580909822
1577309344
1587709030
1579909443
1547009072
1500409882
1579409499
1590209799
1537709348
1532909932
1502709900
1503209442
1520309339
1594009080
1537009474
1543309339
1578309200
1544709003
1529909449
1549909039
1584909488
1593909979
1533909202
1508009944
1538809782
1589009389
1572709889
1507909773
1599709292
1523009988
1572909902
1508009973
1592709984
1583009774
1587709227
1577009839
1593009877
1529909739
1500709004
1582009842
1548709322
1549909983
1577009497
1599709942
1570209477
1592009472
1572209007
1597009373
1593309239
1572709973
1588209789
1593209009
1532409733
1534209929
1588209232
1522909280
1532809887
1544009323
1589309949
1577009498
1570709983
1504009294
1597409338
1538209448
1522309800
1539809909
1500409922
1504409747
1593309230
1577009929
1540709844
1548009722
1544809074
1587309449
1522909377
1547209978
1534709977
1544909427
1583909388
1548909900
1537209377
1538709422
1580909929
1539309779
1588909874
1549009778
1587709848
1544809342
1507709977
1507709243
1530709932
1572209478
1523009908
1533909897
1584009892
1578309973
1599009040
1543409973
1590409339
1540809970
1587409930
1582209027
1577309730
1527409889
1527009407
1502009240
1533809394
1577309494
1527709747
1598009873
1529709907
1533409940
1539309788
1507209399
1533809373
1577809989
1504209009
1522809348
1578809988
1572909903
1509009202
1570809244
1597009908
1588009337
1520809288
1548209983
1577009770
1588309034
1529309922
1549909284
1523809344
1544209089
1574409448
1524809822
1534709983
1503309384
1588209728
1570809022
1599209389
1589309907
1577309084
1539009328
1543009302
1507409770
1502909773
1529009284
1540709970
1572809227
1532209780
1582909877
1584009798
1543309787
1577409399
1580409774
1528809900
1582809947
1598009303
1598209399
1543009394
1534709440
1500909894
1520809904
1522809473
1597009490
1544009778
1533409973
1537009074
1579009882
1529709982
1528209440
1574809928
1532409900
1592409388
1577209372
1509009307
1538309988
1507309077
1504909004
1508309337
1538709922
1532309980
1587709283
1500909803
1530309339
1573809227
1578809784
1594809077
1593409449
1542309088
1527809744
1599009843
1580309449
1507009482
1573909922
1580709220
1509209909
1593309327
1539209344
1574209228
1587709782
1593009830
1579009732
1522909779
1529009378
1527209949
1507209844
1588409402
1587709793
1583309334
1504709944
1573209099
1587909337
1542009309
1543309389
1503209982
1542009032
1542209732
1582709844
1547709442
1584009299
1543009337
1577409327
1577909977
1594009940
1500309844
1533409428
1574009833
1592309944
1503909989
1599409978
1579809227
1543809700
1504309077
1530309008
1584209770
1580709904
1548809320
1578809428
1549409970
1588309249
1538409949
1549009837
1500309297
1504309884
1527409200
1599209339
1544909248
1598209772
1520909922
1589909043
1532809833
1598309773
1549709774
1500409203
1542009748
1584209200
1549809449
1588909400
1534409802
1522009229
1524709943
1530909440
1577909820
1598009898
1598009473
1582009887
1583909443
1598809928
1528809324
1548209722
1587809337
1547709897
1537809224
1594809229
1544709474
1599209382
1522809880
1570209949
1548209982
1507009479
1582009920
1534409744
1588209327
1582309337
1533009840
1549009277
1593309397
1522009928
1578809343
1502309972
1532009037
1539309928
1599209802
1522009202
1589909277
1544909934
1533809494
1543009387
1508209942
1502009879
1539909927
1522409387
1543009909
1579909343
1502009832
1588709440
1572809907
1547709470
1587009489
1544209377
1527209223
1538809029
1577309870
1594409283
1599009202
1549009973
1572209944
1579409088
1577809300
1527909200
1520909772
1584209928
1540209877
1588709447
1523009484
1532409903
1529209330
1589909973
1507409337
1522709973
1547809800
1588309887
1539909493
1533909307
1539009303
1500209799
1523809337
1547909983
1537909899
1578709880
1532009748
1542309884
1590709433
1598409322
1527209909
1500209424
1570709778
1589009843
1587209800
1524009803
1527809448
1547009928
1594009400
1508009708
1598409388
1593409004
1584709884
1509009272
1537809299
1544709423
1504709008
1522909433
1572009282
1507409948
1543409244
1573209930
1547709709
1599209242
1504409779
1500209074
1532209032
1504009332
1588209339
1509909242
1538709902
1574009403
1533409947
1529009803
1583709899
1579009830
1588309374
1523409884
1547309733
1544009373
1528809740
1528709989
1537809948
1598709984
1503209007
1522709234
1570709939
1533709327
1504409378
1503009232
1594909338
1574309948
1574009328
1547409907
1588709722
1528309488
1582809099
1597309979
1503309874
1543809337
1507409882
1597309904
1589009424
1532409477
1534009088
1547209002
1503309200
1579009828
1579709900
1589909028
1577909328
1502309448
1592709007
1522409899
1547409744
1500809473
1530909227
1533009799
1599809479
1577009480
1508009283
1507809909
1570809974
1589009803
1503909223
1540709447
1533909890
1570209947
1588909728
1584209099
1539009920
1532009032
1527909980
1588409233
1507209300
1573009883
1527009728
1599709280
1532209980
1573009022
1530409400
1547809233
1549409220
1502209397
1583209973
1544809480
1549009938
1574209088
1598009902
1500209472
1527709007
1503309028
1582209844
1594409280
1524709772
1588709439
1539009983
1593709929
1508209988
1540309003
1507709242
1544709978
1509909489
1577309097
1507709283
1524809224
1538009083
1582909800
1574409979
1503809033
1529909833
1599409972
1592209734
1538009027
1527009748
1588209409
1579409907
1524409399
1588209478
1592009033
1572809007
1572709433
1579309003
1583009309
1548009832
1573309844
1504409092
1500209972
1583309977
1528809424
1527409900
1598209928
1579909338
1504309344
1584309229
1593009372
1522909439
1577209420
1538709877
1588009980
1589909399
1570709330
1504009399
1544009728
1522909223
1504309932
1574409494
1530809088
1584909903
1544209482
1587409909
1549909440
1527209778
1548709488
1543009743
1578709377
1577909308
1539309887
1532209883
1524009887
1537009789
1582809440
1500709334
1587009042
1577409072
1589209880
1587709083
1579909249
1503309983
1589209338
1522409047
1544309790
1597009927
1503309474
1538909980
1589909433
1577309233
1522709739
1597709339
1577209879
1522309044
1542009987
1533209337
1572909944
1548809707
1548909987
1528809302
1537709304
1524309388
1509009789
1573709778
1522909043
1532209880
1529909039
1584009788
1527009380
1592009438
1537309908
1500409733
1542009083
1508809803
1529009943
1574209948
1522009724
1578909722
1533409308
1539809972
1544909823
1584409043
1592809930
1504009884
1549009882
1577309274
1597709877
1599209038
1527909033
1504009324
1588909893
1549909832
1587709477
1593009970
1529209224
1578809808
1533909449
1540409088
1534409903
1549009704
1538809924
1597009277
1598309899
1503209978
1574409384
1532409983
1549009007
1523009238
1532309228
1522009804
1577409234
1533809348
1592209478
1544209849
1504009744
1542309984
1588709204
1540809788
1589809388
1538409220
1592909778
1537709884
1594009383
1544809780
1547709309
1584309903
1502809288
1597009443
1509009822
1578009488
1548809397
1570709744
1598009794
1589309244
1500709279
1577309303
1524409083
1548809238
1544209042
1594009823
1532709944
1507709744
1549909809
1529909200
1580909007
1587009344
1502209779
1543009230
1522909978
1584409422
1580309904
1573809774
1522709397
1543409228
1544309842
1534409847
1549809887
1529309338
1507909022
1577009939
1508709322
1508009330
1579909007
1588309793
1582409099
1548909927
1577909708
1527909377
1573309242
1598909077
1577209479
1597809008
1599209390
1529309920
1537709794
1593309980
1523009800
1579009324
1500809737
1598809929
1599809383
1594009929
1548409229
1599409302
1508009238
1594409380
1570309447
1572209343
1544709930
1539909772
1538809243
1507809939
1579009747
1597209477
1502209492
1573009787
1508009038
1582709003
1582209878
1533909929
1583409008
1548009798
1592709880
1593709907
1593309223
1502009897
1582009293
1572009077
1529309889
1588709443
1534709920
1527709088
1548009339
1543309800
1537009922
1574009288
1587009094
1578309744
1592909989
1538009202
1538909887
1523309332
1533409783
1582209902
1503309290
1509009334
1507009227
1590909973
1508209400
1537409934
1594909447
1583009278
1527909744
1577009234
1520909974
1527809334
1542009272
1582009739
1597009774
1578009429
1503709944
1509909903
1587709897
1537709900
1577009070
1578709907
1588309038
1583309229
1577209783
1583709733
1528009292
1532309923
1582409388
1577809833
1597909224
1593009902
1599309232
1522709804
1524009098
1587309223
1573409883
1594409897
1523809299
1570209942
1597009439
1508009894
1548209938
1539209200
1509909909
1534409940
1500309723
1539009087
1547209233
1599409437
1524009084
1524409780
1589309974
1504409440
1534309400
1588409047
1520309277
1577009743
1533009248
1538709988
1599809830
1529009439
1507909448
1594709970
1534209477
1509009980
1523809443
1524409009
1598309400
1573309877
1509009473
1577409920
1592009023
1549909883
1583009439
1523809883
1528009408
1538009294
1588209808
1579809799
1538309977
1523809338
1524709933
1579809932
1528009737
1520909077
1523409974
1532809973
1582909972
1524009347
1544009224
1540909300
1528809224
1548009944
1538809499
1544909099
1504209422
1549809299
1527209929
1578409974
1532909422
1500409789
1543209449
1588409922
1542209300
1583909937
1574409748
1529409947
1502209030
1590309200
1500409332
1597009879
1508309499
1592809900
1540909944
1500809029
1572009378
1500909892
1578009329
1587709390
1599309228
1527709392
1542909700
1534409474
1573209322
1507709809
1584909978
1577909088
1592709400
1587009822
1589709499
1502909903
1583309387
1504709334
1530909099
1583909300
1534409022
1503009893
1544309838
1583709499
1573009483
1527009338
1507409929
1583709948
1597709708
1584009338
1549809440
1543409920
1588409978
1508409244
1592009382
1594009384
1579909737
1523309340
1532009943
1528409488
1533209483
1527009788
1599209098
1523309427
1507709837
1570209908
1598409044
1520209288
1543009293
1507209433
1592709002
1508909339
1520309927
1597009202
1570309744
1524209904
1537709932
1594409029
1587009202
1500409300
1588709483
1537709377
1529009802
1549909972
1540309889
1538809807
1539009429
1533409392
1577409237
1533809340
1589909249
1549009002
1524909973
1504809772
1534409278
1574009840
1508909934
1520909009
1592009709
1584409080
1528809407
1574309339
1599709242
1577809979
1530209903
1527209889
1573009338
1522309727
1599709834
1502009327
1549009383
1502209320
1537709380
1509009302
1533209704
1543009220
1500809303
1504409040
1579709499
1597709787
1593009230
1524809300
1529009233
1592809299
1529009074
1577009023
1587209882
1522309238
1528809709
1583409970
1589009972
1533209984
1502909338
1533409237
1534809984
1574009837
1528809898
1528809870
1544909838
1579909844
1593709799
1524909942
1573909900
1593409788
1543009287
1540709733
1597709792
1549309903
1592209948
1503809334
1598009792
1544809833
1520809344
1593409977
1582209097
1577809842
1538809909
1523209733
1549309400
1540809338
1503009279
1549709388
1543009338
1544209973
1522409208
1527909902
1530309822
1547909920
1592409779
1543409880
1547909003
1542909909
1524409808
1508709788
1589009047
1529909747
1544809403
1548809924
1580409882
1542009448
1547209939
1532209328
1547009739
1544909980
1588409348
1570409943
1589909074
1549209799
1522309983
1534809003
1534809400
1509209944
1543309089
1533809923
1573309284
1582909844
1528909930
1509009337
1599809382
1570709934
1588409709
1524009020
1539909098
1547009323
1534009048
1573009204
1507009934
1570809833
1592309939
1574809909
1574409327
1532009443
1524409730
1549409899
1587209944
1530709974
1543409844
1508409774
1594009038
1542709002
1599209239
1577409208
1570709884
1507709330
1539909428
1537709493
1529709900
1532009807
1549809989
1572209808
1533809294
1504409443
1583409934
1527209940
1508809732
1544009773
1582309344
1592909908
1584409822
1549209800
1500309822
1580409448
1507709790
1502209983
1599009229
1589909924
1599309779
1579709844
1508809302
1500209487
1589709433
1578909882
1528709844
1542009938
1582209274
1504909947
1502209478
1524309009
1509309449
1589809937
1577809442
1537309779
1544009307
1537709097
1522309422
1548309947
1548809280
1583009800
1534009784
1544709279
1583809399
1577809800
1503409003
1580309922
1578209934
1583009298
1590209899
1588409499
1574009422
1500209307
1539309228
1583409744
1503709022
1527309909
1584009337
1583209477
1589309773
1503009729
1503009234
1543409003
1574009092
1580909440
1523809244
1542209049
1548909077
1542709224
1509709229
1594209930
1592009440
1577309028
1533709422
1500709398
1524009208
1594009280
1578909927
1500309288
1574009472
1582309979
1527809979
1574009772
1578009327
1528009432
1534909744
1548809724
1538309339
1587809984
1592209834
1528209442
1589409974
1588209090
1587709437
1522709904
1520209443
1598009434
1577909772
1574409743
1549409973
1524809330
1573009278
1582209394
1529709883
1597809228
1529809972
1579909224
1577409407
1582409949
1533209282
1522909042
1549909272
1572009007
1540709942
1539909834
1509009749
1534209488
1582809442
1534009933
1547809920
1524009839
1547009400
1588709989
1598909924
1537009303
1507409477
1572209704
1579909304
1507709094
1574409908
1589909090
1508009423
1577309302
1538709982
1533009877
1579909908
1587709947
1534009323
1547409044
1572209809
1509009427
1527009702
1500709422
1530909899
1578809480
1544009948
1577309893
1579409400
1580409339
1544909203
1522909270
1528709980
1588409039
1579709477
1532209243
1508809942
1522909387
1529409774
1584009434
1588709927
1578809022
1534009909
1529409880
1599009738
1588709947
1538809700
1504409044
1547909099
1578809979
1590209922
1528009223
1583309722
1589709822
1572409377
1533709728
1543909224
1577309077
1534009277
1593209033
1547409988
1598009934
1544709808
1523909800
1570209244
1534409807
1520909899
1547409228
1528809872
1589709903
1524409870
1509009080
1588009032
1583009844
1527009472
1598209330
1548409288
1504409043
1574409887
1547209337
1508709288
1533709332
1582309077
1539909770
1578009923
1577909739
1597009708
1593009738
1533009938
1539209977
1577409722
1594709099
1509009200
1547309929
1530809989
1528009447
1528009934
1588309044
1549909897
1572709980
1572209098
1509009774
1582209402
1500309380
1532409972
1504409732
1570709422
1583909332
1524309948
1588409002
1500809739
1589909023
1527009742
1509909073
1577309904
1594409909
1524809940
1572009030
1508409884
1574309388
1508009707
1503809774
1537409009
1588709397
1590409770
1508809830
1542009809
1542009880
1508009823
1584009909
1534709799
1503309022
1500809727
1532209942
1533009077
1544209232
1583009704
1573009770
1599009490
1527009247
1537209947
1574409903
1509009779
1532209007
1598009224
1504009798
1572009284
1577009748
1582709903
1503309827
1578809779
1542009797
1587009709
1582709332
1540209882
1544209479
1538809407
1589909899
1532009803
1523309047
1594409232
1599009932
1504409029
1509309227
1503209984
1543309092
1570409980
1529909482
1523409928
1504009790
1588709372
1504009837
1527009382
1509909327
1548009847
1577909032
1530709224
1534909948
1542209347
1504809970
1589909079
1594409480
1533709742
1577909497
1523309438
1599709329
1548009709
1598009378
1599009799
1592009278
1574009320
1599009802
1529909008
1590809332
1589009383
1582009242
1577909980
1533909337
1573709939
1500809200
1500809983
1599309743
1500909827
1532209082
1539809448
1540909002
1527409822
1574909927
1527009733
1509009434
1582009737
1542209330
1579909243
1548009099
1597009028
1547709247
1507409440
1592209844
1578809723
1577809478
1580209700
1598209779
1597709297
1579909037
1503309744
1524409040
1544809022
1578009894
1537909722
1587409022
1532009728
1539209443
1593009238
1584409902
1570209003
1587409334
1537809447
1583309084
1522809708
1548809289
1522809282
1500709708
1570909244
1547209940
1520709773
1527209449
1544209098
1533209020
1533009738
1527809948
1588209408
1572809008
1504209022
1533809887
1522909427
1599409040
1539209770
1589909407
1577309224
1583809887
1549209077
1507709270
1599409038
1579709277
1504409904
1507909983
1598709907
1584409238
1577909029
1598409899
1577009389
1544909044
1524909983
1587209003
1573209970
1529909898
1583309043
1542209872
1599309023
1539909803
1520709200
1589909424
1533209038
1599709320
1500709220
1529709984
1532309077
1507409883
1540809833
1537709297
1572209392
1594009904
1582809344
1577809082
1527709974
1537909229
1504209449
1524809377
1589009438
1548809987
1584009002
1529709099
1534009300
1509809980
1508209377
1544309274
1573909989
1583309884
1520409943
1580309933
1503409938
1579009987
1528709979
1537209982
1527009832
1593909978
1534409800
1584009390
1578209229
1584309770
1544809873
1579909824
1574409438
1582009094
1524009072
1527209970
1543409338
1549009427
1597709803
1578009423
1530309904
1587409949
1589009039
1522409239
1578409882
1528809077
1507209224
1573309904
1544209987
1544309037
1572209982
1588009300
1532209904
1593709887
1522409204
1597009809
1580309800
1593309487
1578809390
1504909779
1544009044
1572209309
1539909087
1524209940
1599409877
1522909220
1509709902
1547409774
1572209040
1573409233
1500309029
1582809984
1504909443
1523309432
1523709933
1507709788
1502009829
1547009492
1593409008
1540809930
1598809279
1507209908
1538709989
1523009274
1588309889
1594209938
1539409224
1534009908
1504309400
1574809022
1538909277
1597809442
1547709900
1522409207
1598409932
1534009304
1508009070
1573709988
1533809829
1583009924
1577209900
1587709702
1524409887
1570709223
1548009493
1582909929
1528909903
1580709974
1539309007
1547009903
1590709949
1592209037
1592209742
1592809902
1500709908
1572009934
1572009487
1572009340
1598009380
1579709880
1527009002
1537009432
1593009348
1597009733
1532309442
1529809987
1522909739
1547009880
1577909829
1597009090
1583909880
1599309709
1533709394
1532009823
1588209247
1533709489
1583009703
1500309984
1588909427
1587709303
1508809083
1599409407
1574809224
1542009709
1547809448
1523709930
1579009889
1504209223
1533809402
1508409778
1532809983
1599309844
1522309798
1578809384
1508009447
1587909228
1577409830
1599209234
1588209880
1527709449
1502909929
1572709937
1502809004
1590309778
1542309930
1524409407
1593209900
1520209700
1588209209
1590209977
1524909882
1584409204
1533909720
1588009399
1524209332
1508009302
1587009433
1502909447
1507409388
1588009243
1533909987
1592709988
1589009388
1573209899
1597209442
1500909097
1590909449
1570409989
1589809902
1528309332
1523309890
1539009047
1588409332
1540209947
1584909880
1580809929
1549809228
1577409822
1522809904
1540409443
1532009809
1582009724
1534709244
1529309700
1593309872
1582209880
1533809727
1583309304
1543409399
1522309338
1542709974
1500209438
1524009082
1587709482
1543009800
1529409983
1582009474
1599209927
1573009892
1538809448
1538009304
1572309977
1582009084
1547209908
1503009894
1522709089
1582209498
1587409770
1542009292
1537309939
1529909398
1544909388
1547709944
1500709438
1544209742
1530809022
1587009824
1507309344
1590209002
1589309003
1572009987
1572209289
1544709908
1580809227
1578009279
1598809922
1503709007
1527709248
1507209972
1527309944
1522709843
1577909807
1598309330
1533209883
1533709080
1574709979
1532409448
1592309337
1524009342
1592709944
1584309099
1537909942
1527709820
1522909279
1533409748
1580209822
1503209220
1549809942
1522809448
1577009202
1543009272
1583709988
1507009749
1572809979
1507009080
1534709972
1508209228
1520909924
1543009774
1587709094
1594009343
1534009442
1534909300
1580809229
1524909223
1533209343
1584009928
1578009874
1537909983
1594409977
1523809833
1577009304
1543309923
1582809299
1579809788
1588309300
1574409092
1544709477
1544709344
1507809337
1529409377
1597009897
1580209223
1507009022
1599009378
1543409229
1599709043
1523709877
1578209884
1582209398
1597709003
1587209009
1523009448
1509909439
1533009874
1530909800
1597309022
1592809970
1507709892
1588009040
1579709984
1573809979
1509009823
1593009720
1533209977
1593409700
1500909834
1544009804
1538209009
1549809880
1524009743
1520409882
1544709933
1532009979
1542309299
1503709330
1579909280
1524809399
1542009908
1572409200
1522009909
1544209300
1520809447
1527409332
1508209773
1508009048
1527009408
1520409979
1548909929
1533809044
1588909029
1580809922
1577009948
1507709407
1599309033
1572009798
1537009948
1599709083
1599309394
1542209273
1542209494
1520209942
1522009938
1593909774
1544809784
1508809003
1598909288
1549909334
1508009243
1588209043
1502209899
1542009824
1504409477
1588309309
1528809782
1500309829
1584409499
1580909972
1574909400
1537009434
1580409883
1577009390
1500309492
1507709833
1548209924
1543909822
1598909322
1529909247
1599809478
1592009847
1523709983
1524309088
1594009247
1578309970
1599009907
1544309273
1537309983
1522009820
1547709784
1577209883
1598009433
1509009237
1597709273
1577309739
1597809223
1594409703
1534409337
1542209327
1590809009
1543709009
1532209833
1549009239
1538809223
1509909494
1577009322
1572809947
1583009834
1503309079
1593709937
1502809887
1574409984
1532009294
1543009742
1588409884
1534009089
1584709899
1544809939
1597009883
1598909942
1542909433
1523309948
1582909422
1572009893
1572409400
1538909932
1529209844
1522809007
1532009373
1588209340
1548009092
1542009247
1583309838
1527309443
1503009308
1527709937
1584709033
1538009939
1592209983
1572209029
1589009784
1582709299
1599709824
1544809082
1578809443
1534009423
1549409978
1538009409
1599709348
1543709779
1508009787
1532909440
1588309880
1579909298
1590209009
1542009349
1503009329
1507009922
1502909922
1578709980
1520209908
1548409930
1528309907
1528909244
1584909733
1578909889
1524309400
1500709298
1590409422
1509209443
1507709322
1533909738
1500909307
1577909483
1574409304
1502209298
1524009449
1594809978
1578809234
1598909978
1548009288
1588309402
1500209907
1578009773
1547009793
1500409029
1579009227
1582009038
1574209334
1593709044
1539009837
1508909337
1593309280
1500409729
1522009348
1588309848
1533009983
1503809422
1543809299
1543709979
1527209322
1587309988
1578009728
1578309937
1577309822
1507809928
1522009040
1508409973
1588209898
1544709487
1528309902
1577009783
1594809044
1544309489
1503709244
1544909902
1584009782
1529009834
1587409077
1503809889
1548409987
1527409003
1502309422
1599209740
1597409933
1598709927
1503009377
1584009904
1549809983
1582909002
1537709949
1572909900
1504409204
1530409949
1588409294
1509909343
1503009932
1592209442
1532009322
1522809224
1547909002
1598009288
1524409070
1507709337
1548009472
1500709987
1538809290
1579709244
1504409094
1547709479
1594909902
1529909924
1579409338
1542809442
1544709937
1579809949
1504809779
1537409984
1579909377
1588409300
1548009294
1549209448
1528809423
1533009780
1523909488
1578309277
1574009932
1507009827
1549709300
1537409930
1582909338
1548209937
1574009449
1524009973
1578009473
1588309937
1532309344
1522909729
1547309440
1529909082
1500309774
1570909003
1577009090
1509809778
1583409322
1509009209
1587209948
1509809922
1500409833
1598809783
1524009829
1539709443
1599209472
1573309320
1583309798
1578409822
1584309982
1597309947
1527709970
1577409387
1544709843
1538009730
1589909948
1542409339
1583909088
1588009924
1528309929
1508909722
1508809880
1547409200
1524009399
1574809988
1587309982
1548809292
1533909032
1578709077
1583809233
1528909900
1539309288
1584009334
1544709778
1524409974
1549809722
1589909002
1597709939
1503709088
1548809322
1533709282
1509709440
1598209744
1522709782
1599009804
1509409932
1503309373
1507709429
1547409938
1543309772
1538709003
1544809739
1537709438
1589809339
1593809233
1502809700
1548009042
1549209337
1583009790
1534409722
1532009984
1592209980
1549209987
1508809203
1544809787
1538009392
1594209928
1574709009
1598709449
1598009903
1522409773
1522909979
1509709003
1534209774
1588909929
1597409499
1592909377
1594409287
1587009484
1579909034
1524409008
1500309720
1590209924
1509909920
1539909442
1578009389
1579209443
1543409977
1509909094
1593009809
1529009808
1522409707
1502309778
1532309233
1577409042
1500709048
1578009940
1573909422
1532009429
1539009409
1549709822
1584009827
1508809308
1544709800
1524009288
1598009230
1543409007
1577809742
1589309984
1508809839
1584909022
1574209277
1597009422
1507309770
1538709440
1582009373
1582009933
1582009349
1534009800
1533909039
1547709977
1502009482
1540209929
1574009882
1529009892
1577409420
1534409490
1549209300
1549709377
1588909830
1524409200
1508009209
1522909709
1580909939
1587709048
1594909948
1599009309
1599809947
1520409422
1580909877
1533809248
1598809937
1577909248
1507009880
1538209920
1588209492
1590809300
1548909983
1500909980
1588309023
1599309499
1523309734
1503009430
1509909744
1537709388
1528909877
1588909387
1537209288
1594709224
1584009088
1598009472
1587409978
1549909294
1594009227
1593309877
1500809297
1584009840
1539909382
1503709433
1533009873
1577309923
1584009943
1529209744
1579009297
1582009332
1528009037
1599009489
1577309293
1500909228
1539009934
1584809422
1573009882
1588209893
1502209980
1578809202
1509009229
1522009848
1500909943
1544009498
1583409972
1547809987
1588009987
1529309773
1597009404
1509809009
1542709400
1500409239
1523009474
1573309788
1524909774
1599809409
1538909337
1593409949
1527009228
1500209727
1533409470
1588709887
1544009040
1598909002
1522809322
1583409902
1502009270
1599209288
1583209300
1509009309
1539309977
1533809497
1527709080
1598809987
1524009498
1537009033
1577409004
1528809370
1523309782
1508809223
1540309907
1509909273
1500409937
1532209283
1524809088
1524309982
1544909978
1534409227
1580909949
1544709874
1547409772
1598209388
1507709027
1534009803
1524409839
1522409323
1593909233
1599209427
1540809978
1537409088
1599709278
1542009299
1520709004
1543709940
1543209938
1574009473
1573309309
1523309949
1587309008
1533209072
1593909337
1522309470
1587809332
1574209929
1528009480
1588309727
1504009070
1522009302
1593809008
1578809938
1527009292
1587009404
1588209890
1588009497
1587409744
1503009040
1599309284
1503309798
1589809772
1523309893
1549009248
1544309874
1587209772
1543009480
1534309744
1584909984
1544009492
1520209779
1549009422
1542209473
1500209872
1573209733
1542809972
1584009234
1547209288
1507809228
1544209009
1544709873
1593909989
1592709022
1533209489
1549909402
1508009889
1599009303
1597009447
1500409738
1572809344
1528709334
1592009307
1532009423
1520709344
1527009383
1579409448
1578809702
1589809924
1507709720
1544209029
1544009280
1583009837
1572709943
1592009094
1578809708
1592209488
1500909837
1583309237
1533009238
1523809227
1582409007
1533709074
1597009322
1500209404
1543009243
1542809339
1502009089
1599409323
1582409770
1543309480
1529909727
1593309480
1574809773
1587809938
1539409982
1593009289
1574009332
1597409224
1598309884
1524709330
1573009480
1533909377
1522409807
1524009779
1593009029
1547709427
1530909774
1524309989
1522709242
1504409794
1504209443
1524009483
1579009794
1570309733
1578809322
1577909472
1549909977
1507209880
1587709309
1574009009
1502809989
1522909793
1577909827
1538809420
1508909883
1532209002
1522809478
1538809932
1594809339
1577009823
1522809204
1592209239
1547909022
1529709947
1524009782
1594909330
1544709324
1503309492
1534209989
1540309774
1503909332
1578409927
1599409770
1507809889
1504309488
1542709700
1529309924
1593009978
1599709840
1544709929
1577009422
1532209704
1578009230
1504809099
1579909348
1527209944
1500209734
1524209923
1542209398
1593809937
1524209009
1542209280
1582209822
1508709940
1537709420
1534409233
1537409927
1594809927
1534709949
1533709827
1580409009
1548409883
1508809937
1504409080
1592409299
1582409880
1570209488
1522309779
1589909773
1533909070
1590309774
1522409844
1543709983
1527009894
1599009842
1537009480
1592409942
1547409722
1547709922
1582409433
1599309803
1582309943
1523009879
1503009290
1573309389
1502309799
1500809988
1598809927
1533009323
1543309404
1582009849
1587009942
1549809332
1508009393
1542009447
1599409073
1527909448
1504309903
1508709447
1584409793
1593009438
1573009372
1598009388
1598009800
1570209334
1509709980
1527709977
1543409904
1509909933
1588909042
1542409900
1582809988
1573009028
1544809727
1549909393
1509009973
1507409887
1598809887
1508009084
1522009889
1584009974
1537009092
1549009789
1579209400
1539009423
1549009898
1522309808
1530909733
1539909893
1544009983
1522809793
1579009282
1544209724
1540909099
1549209227
1503409833
1577009204
1597709279
1509909474
1572209793
1599809727
1587709749
1537809940
1533709302
1532709973
1594009844
1527709770
1539809008
1588409379
1599209733
1578309974
1523409984
1599709042
1543309379
1573009398
1538909833
1572309908
1578909033
1582209904
1578209883
1502209822
1528209939
1599709389
1520209338
1573709889
1579009809
1522309387
1593409339
1582809880
1532209824
1533809938
1507009498
1524709377
1533409889
1598009320
1539009947
1524209899
1547709722
1577909828
1504809338
1589309224
1570709930
1540909883
1599009382
1522409900
1533709287
1523709924
1578209733
1570309322
1508809722
1537009239
1532909488
1588909729
1544009349
1592009474
1572209079
1598009273
1543809334
1547009744
1542009372
1580209947
1588309787
1598909300
1539909073
1543009947
1583909988
1520709778
1583009002
1599809440
1572009848
1587409884
1502009477
1570309422
1532009980
1507009443
1508909003
1579009807
1538009298
1584009089
1500709787
1532209028
1532309744
1538809489
1523309040
1504809002
1503309390
1577209708
1502009348
1522009827
1522809388
1508709943
1547709393
1548809437
1529209220
1599209744
1520709899
1539909272
1529909033
1578809820
1530209772
1538709338
1502709934
1584309923
1534209022
1577409773
1587309907
1547709837
1588209943
1579209880
1522309099
1540409299
1529009984
1590909004
1592009848
1534009799
1507009274
1534409232
1502009727
1503009332
1523009223
1582709233
1509009223
1587809220
1534409343
1597709424
1582009870
1578009244
1593309440
1533009982
1532709928
1588409498
1527009244
1527909334
1574409704
1522009870
1523009890
1598209007
1549809004
1520309774
1544209393
1524009700
1599309020
1544209488
1522709838
1547309044
1542209909
1529909302
1589009922
1520309332
1508009248
1543309098
1543009807
1574709449
1528809702
1548809720
1500409898
1522909242
1507209928
1547909322
1532309779
1577009348
1597709942
1507009882
1588709830
1577009032
1500209822
1579009980
1573209908
1523309920
1544209302
1509909478
1522409399
1503809433
1500309742
1597009890
1523309393
1573709928
1584909088
1528909443
1548409388
1589309088
1537709928
1520209330
1534009229
1533009033
1523309908
1534409088
1598209937
1508809088
1577209238
1532909883
1500709278
1533809770
1573709433
1500709870
1573409223
1593009744
1538409488
1583809488
1544209949
1583709448
1504009393
1570309337
1522009849
1572009484
1589809887
1523009744
1599309074
1542009007
1528709223
1544309793
1573309422
1599209009
1598809400
1548809232
1582909008
1539909984
1528409400
1500809872
1527709270
1502209009
1589909290
1599409297
1533009040
1547009733
1543709907
1502209772
1589009934
1572209480
1572209742
1592009320
1532709399
1574009749
1504809984
1534409820
1573909200
1543809928
1528409987
1579909093
1543209983
1523009023
1503009922
1587009322
1598809073
1500709897
1503309272
1547709234
1572209923
1542009230
1574809339
1522409722
1503309320
1527009789
1508009732
1544709732
1584009978
1547809779
1532909399
1542009747
1527009239
1574209229
1527309007
1549009498
1538309928
1573009200
1587809388
1520709228
1502909277
1587309440
1539009028
1574009378
1544209384
1534309003
1534209400
1509009379
1523709339
1572209224
1549909830
1588309474
1532209892
1584009079
1587209972
1544709284
1509309929
1500309929
1520909433
1522709398
1532009973
1599809778
1542909002
1539209989
1528009029
1538009343
1542209232
1597409908
1578209904
1534009499
1529909832
1574409929
1500309372
1594709338
1578409077
1540209984
1540809227
1590309949
1573409338
1582409932
1543709003
1523209499
1524209442
1537709927
1588409480
1579909038
1523209007
1500809449
1587709823
1547309448
1544309207
1520709988
1509909900
1549309733
1539909879
1548009723
1582409488
1592309920
1500209938
1509009284
1503309799
1507709007
1589009449
1599409328
1592809448
1593009092
1528809832
1598209977
1599409243
1539709277
1528309772
1524009247
1532209723
1537409008
1522009402
1530209007
1530809978
1582009004
1540709388
1544309282
1543309328
1527809903
1549309422
1530409822
1527009404
1533709323
1500909082
1539409949
1573709770
1572209380
1523309039
1593009903
1589809022
1572209833
1503909970
1572209829
1522809782
1598009283
1528409388
1544009473
1592709972
1530409922
1500809223
1533409898
1530809970
1544309324
1547009949
1504309002
1589009393
1599309323
1529909749
1543409733
1507009729
1589909473
1577009733
1527709884
1538709889
1572009034
1527709804
1534009972
1574909499
1577909749
1593309028
1582909488
1587809779
1507409733
1547909877
1509309200
1534409434
1523309832
1583209449
1507009847
1592809972
1528209900
1547009282
1528009842
1597709922
1508809447
1537709729
1532209838
1548009370
1537809700
1502209808
1544709220
1593209770
1527909400
1580809979
1548809739
1570209889
1534009947
1522909803
1587209939
1573009977
1573309303
1548009372
1547009037
1577409940
1523209339
1540809887
1509209338
1573009047
1577009938
1538009203
1502809899
1594009027
1527809422
1572809229
1534009748
1572909932
1580709223
1592009890
1579809022
1592009077
1599709887
1534409228
1543909944
1522309379
1574409040
1528809248
1588009323
1547709432
1524309877
1598009007
1594309928
1588709728
1590209773
1548809074
1594809934
1542009342
1593309447
1509909288
1539209980
1528709902
1534009224
1548009943
1534709722
1577309247
1524009499
1533209738
1543009080
1540209440
1543309784
1549209007
1548009789
1533709842
1592909882
1587409979
1598809934
1572009043
1592209982
1579709332
1547809884
1547809322
1540709949
1588409787
1533009430
1530209099
1520809224
1594909399
1583009340
1539009273
1583309794
1587309227
1549809330
1587409989
1592209843
1583009749
1544809237
1522309832
1522309874
1593009302
1593209733
1509009303
1529009799
1599409798
1542709800
1549209004
1509709330
1549409433
1522909030
1593209928
1533409880
1544309030
1583909344
1503909448
1573309404
1578809273
1548909700
1508809823
1520309940
1543309932
1599709442
1588209278
1547409330
1584309937
1589209942
1502809300
1522409209
1583309228
1507409338
1544709984
1520809799
1529709288
1504709228
1549709928
1593409744
1548809203
1533709347
1578009734
1588709494
1507709342
1538409799
1500709490
1588209723
1589209922
1543009040
1577409748
1539909040
1570309223
1524309934
1592409774
1599709030
1534009924
1584409742
1599309903
1504009280
1580309099
1583009042
1542809299
1583209339
1597709228
1537709728
1582009024
1533409844
1508909884
1548009334
1522309878
1589709980
1599309848
1508709903
1507409228
1529909823
1543309488
1599309983
1593409942
1507309223
1502309099
1527809400
1500809379
1504409820
1573209332
1509909028
1509009949
1593209443
1572909788
1588909028
1573009202
1527409932
1547309944
1538309924
1502309943
1502309929
1507809009
1544809982
1522309938
1503809299
1503909902
1588909900
1577409882
1543409970
1509909373
1584409402
1537309388
1588309779
1537709383
1599209209
1582409088
1539809928
1528709449
1532709880
1537709470
1574909909
1598809908
1522409498
1580709983
1503709744
1592009377
1578009288
1520409447
1503009448
1522709029
1597209949
1533909979
1572009243
1594209744
1532209383
1573709884
1589809288
1529909938
1524309277
1583209488
1588009027
1594009228
1527709089
1573809778
1530909880
1580209983
1544709740
1528809720
1592909007
1599409722
1577209292
1549909827
1527309288
1522809472
1544709280
1580909200
1548409233
1530909449
1533709899
1597009320
1587409440
1544209980
1542709927
1529009844
1527709403
1542309800
1582009797
1507709332
1587709893
1504009390
1529009897
1584409020
1587909442
1528009409
1500409904
1582309972
1579309822
1543309002
1588309922
1597009893
1580809088
1523809877
1598809077
1507409983
1522309873
1524009484
1584009399
1523309473
1584009320
1537409924
1532009229
1523709200
1572809400
1522409743
1544809827
1543009920
1580209009
1579809983
1532009339
1528309443
1543009902
1527009904
1577209797
1572009329
1523009849
1574409890
1598809288
1509009737
1539009288
1597909944
1587809399
1538809870
1577009342
1532209770
1522709832
1524809044
1594909377
1589909873
1509909372
1573909044
1580209339
1588309820
1548309889
1583309039
1579909432
1527209440
1529009374
1574409343
1504009074
1538209970
1507709787
1573409844
1544309074
1592209429
1593309739
1538909288
1523209299
1532009273
1534409092
1594409948
1582809228
1533909397
1572209243
1532209398
1590709923
1577809409
1597209077
1584909887
1547009440
1598909277
1542309889
1534709922
1508809892
1599009833
1574009977
1533709383
1597009780
1573809228
1539809220
1574409803
1574409740
1547209930
1509009049
1527809922
1544809447
1588909297
1583309288
1529909030
1593009337
1544709397
1593209334
1503009082
1583309298
1572909388
1547709789
1597209774
1577309980
1532809488
1530709884
1547909443
1522309897
1588009892
1582009882
1500409039
1503309098
1534809002
1570809938
1509909394
1538309883
1547009723
1582209292
1539909284
1578409923
1539909339
1539709884
1534809477
1594909900
1593309722
1508309907
1528709488
1507409987
1578009794
1588009789
1500209443
1538009048
1524409227
1579309499
1507209979
1598009270
1509009794
1509009778
1549909428
1528309883
1599409430
1589909022
1527409884
1509409448
1548209733
1599409987
1588209743
1500409079
1544209448
1592809979
1509209770
1507009909
1539009970
1542009897
1534909779
1547009407
1520909887
1594409382
1597409002
1522009074
1530409338
1598009200
1500709442
1579709008
1547009347
1502709499
1522809792
1542909244
1503209940
1503909932
1583309348
1528809902
1528809849
1527409972
1597209883
1573009234
1574209044
1572209879
1504009230
1599309894
1523209944
1593709970
1592009794
1587709042
1577009944
1592009724
1504409293
1599409940
1508409979
1592709924
1502209797
1502009930
1539009348
1592409733
1528409983
1584909033
1502809973
1592009202
1549009420
1579809944
1533909703
1594009428
1570409339
1507409788
1504409002
1500309802
1508009328
1549309339
1599809243
1580309044
1547809002
1579309977
1582009989
1594309932
1543809002
1577809370
1592209779
1524409092
1597309722
1539709334
1579909284
1577009048
1507409433
1543009424
1503909449
1572809902
1503009078
1508009272
1527709779
1589909704
1597409980
1599409392
1508009438
1508309009
1508809842
1598209822
1549409933
1588009307
1594209288
1543309927
1543309707
1542409877
1549909829
1528809840
1500709930
1537009947
1577909092
1504409890
1524009773
1504809344
1579909989
1573209909
1594209233
1589709938
1583409923
1542909880
1534209788
1527409904
1504009220
1529309339
1579009320
1543009843
1540909332
1529009202
1587909772
1508209779
1574009073
1578809347
1500309087
1522309838
1572909088
1524209883
1574709088
1594409309
1572909488
1527409939
1592909008
1587709220
1537709404
1509909032
1508809737
1574709299
1543309297
1587909799
1599209233
1509909374
1522309043
1524009882
1503309227
1532009297
1507809033
1508809089
1528809847
1593809778
1574209882
1500909808
1539009498
1528309942
1573309340
1528809389
1579309972
1589009203
1548809248
1544809208
1529809974
1520409233
1597709027
1527209088
1522909022
1577409029
1549009074
1582209928
1599009742
1534409907
1588309897
1504409294
1539309980
1592009082
1580909228
1590709099
1532209403
1534809983
1533209890
1527809330
1534009334
1599009977
1504309927
1578009328
1524009938
1523409909
1587409200
1570409907
1503009887
1500209298
1592209894
1592909233
1533909934
1539209772
1590209983
1594709004
1529009894
1534809989
1507209388
1599409239
1583009324
1542009343
1583009870
1592809223
1597709809
1577909392
1583309897
1597009770
1538409938
1543709932
1509909872
1504709377
1583309730
1544209878
1589209883
1522909838
1534409879
1598909003
1522309723
1538009788
1549309942
1588709490
1500809923
1584709779
1547709040
1528009338
1538009484
1522009344
1548809080
1588409277
1540709928
1582009799
1544709488
1509909220
1522309474
1524909447
1594009092
1588209883
1549809447
1500909733
1579309932
1547009303
1570709774
1589909972
1503009374
1599209080
1594209330
1522309708
1544309988
1528009987
1548809973
1532709332
1597709838
1592209743
1583909422
1534409044
1574009203
1574409883
1528209322
1577809277
1593009487
1588409720
1534009047
1542809224
1520909788
1534009379
1584209322
1532009320
1523009982
1538709880
1502009733
1599809009
1500909844
1577309738
1589909728
1509909490
1599309732
1502009277
1584209934
1590409978
1584009400
1522709092
1589909343
1544809929
1543209989
1577309890
1544009377
1578009932
1507409330
1507709924
1577209498
1549909720
1592209842
1504009028
1579009492
1508209788
1599309980
1538809048
1592209033
1500909724
1597709840
1543309207
1539709449
1540809007
1597709209
1577009903
1592209039
1522909230
1574009877
1599409487
1582909900
1539409200
1584009834
1588409080
1533009429
1544009832
1532009893
1548809033
1579909800
1509909820
1598309938
1523009949
1582009847
1592009772
1509909783
1537709292
1544309334
1583909904
1593909899
1598409939
1533209230
1528009828
1507709092
1528009334
1599009249
1590709943
1599409478
1583309720
1574709939
1532709099
1594709009
1533009930
1579909434
1522009002
1573009298
1584909228
1538809800
1502809933
1598709933
1597309229
1534809099
1590309220
1539009029
1572009937
1500409494
1542009307
1524409339
1520709700
1533809477
1502009847
1583309784
1599209072
1539409927
1597909923
1574809947
1548909433
1527709097
1542709244
1577409824
1578409989
1582909943
1507709480
1534809900
1589909877
1502209020
1529009247
1549709722
1582409882
1502409889
1580209338
1523309839
1500209880
1592209393
1594809002
1587309844
1599209884
1540309979
1577209282
1509009903
1503909300
1537909399
1574309977
1594709003
1578009234
1592009492
1507709424
1599209380
1599009483
1542409800
1584009478
1523009498
1592409332
1533709889
1587809987
1529709934
1527309972
1594209900
1580709488
1522309930
1522009448
1584409842
1523809882
1532209302
1534409783
1584209002
1573209088
1589009903
1590309929
1599409238
1544309227
1529009383
1527909982
1598709488
1597009842
1597209722
1522809982
1504909799
1578809007
1583809344
1594409733
1522909730
1573209800
1544909339
1509209442
1539909224
1544009872
1584309979
1549009227
1533809929
1574809448
1538409440
1579909087
1599309297
1588909939
1594709330
1507209277
1580409902
1532209338
1548809972
1583309799
1539909390
1508709937
1538409943
1587309987
1598009727
1508709227
1598009909
1532709939
1584809877
1507009427
1549909900
1577009049
1579209989
1539309770
1522309833
1570309882
1549909799
1599409449
1584309088
1577809474
1528909007
1577409948
1589009384
1582209234
1520209337
1592009948
1573309272
1580809488
1538009700
1577409838
1540409909
1520909778
1508009473
1542009843
1522409380
1543809982
1577909244
1528709322
1542709980
1503309370
1542009800
1500409723
1583409943
1530709223
1589009487
1542209870
1500809323
1593009339
1527909337
1500709099
1593709008
1599009389
1527709928
1574009202
1593409972
1533909330
1502309007
1589209907
1543209984
1508209772
1549209949
1529009740
1593909007
1540809940
1540309929
1592709970
1539909944
1588709349
1599809022
1573409477
1520409933
1500409448
1599209439
1594009724
1589909202
1502209720
1544009449
1503009780
1598709883
1570209982
1574909300
1582009800
1583309424
1533709277
1529809989
1584409788
1529009923
1599409893
1524409203
1542209377
1534909288
1524209772
1588409798
1538409977
1522809097
1540409288
1573309832
1599709224
1528809933
1534009470
1582209243
1527709943
1597709498
1509909278
1500309237
1504409332
1530909499
1597009022
1588909349
1592309733
1529909329
1589709220
1588409423
1520309977
1534209833
1502209902
1544709848
1528009474
1594809889
1548809298
1598809074
1582209472
1590309989
1532209438
1599009792
1583809332
1573709970
1522709894
1580809970
1544209337
1534209980
1570809377
1548709880
1592309974
1549209440
1529809929
1534009302
1508809074
1507709938
1538309008
1590909883
1577209204
1532009489
1594809887
1533209798
1594009204
1500409838
1580209448
1528809097
1522909200
1537809744
1532409973
1592309774
1503009880
1588309278
1523309422
1588209249
1528009887
1533709948
1534409974
1578809827
1549909097
1522009794
1580709033
1500809790
1530209220
1590409388
1507309338
1533409227
1574009982
1599209803
1599009037
1533409972
1539909372
1524409233
1500209977
1502409722
1589009937
1503309397
1574709499
1584009378
1588709078
1539209947
1529009898
1542209274
1509209984
1502909229
1582409722
1577909844
1507009490
1542009420
1529009044
1523209943
1533809479
1547309937
1578809038
1594409389
1520709332
1509009039
1599409420
1588309440
1523809932
1543309088
1527709328
1573709322
1583309978
1522309392
1589909284
1573409927
1542809330
1547009438
1577009292
1524209377
1579009773
1572009887
1507809778
1539709003
1597709830
1542209700
1542209782
1504809943
1589909944
1503309039
1580409399
1572209432
1530209499
1522409922
1548009879
1593009370
1544309022
1539909498
1503909900
1587009809
1532909973
1589009933
1543309023
1509709948
1587709229
1524909233
1598909899
1579309944
1500409843
1588209804
1532309883
1523009482
1543209007
1508209900
1523709033
1548809390
1570209920
1582209039
1507809979
1590709973
1583309828
1522709878
1589009234
1534309974
1508209774
1534809744
1599209424
1587309924
1504809934
1599309849
1599309427
1598209033
1544009334
1503309837
1528909980
1549709488
1534809244
1592209490
1543209889
1579909227
1594409782
1534409080
1574409279
1544309093
1540709977
1528409744
1539309933
1588909898
1534409020
1547709074
1577909983
1504309422
1542309499
1522709498
1543009842
1527409002
1549009930
1579909029
1542309904
1538209344
1532009972
1584409332
1549009339
1500209839
1593709332
1533409942
1502809447
1570909949
1573209904
1593309037
1579709908
1509309903
1589009290
1507009383
1594409933
1583009230
1533209939
1538809878
1548709778
1544309442
1583309889
1537209442
1588209039
1524209099
1584009220
1509009782
1579009093
1589909340
1538409224
1508409942
1504409032
1534209044
1588009773
1588309809
1594209004
1580309974
1529809338
1502209432
1598809232
1570409822
1539909970
1598909900
1539809088
1504409840
1532209902
1572309003
1533209379
1587909944
1528009809
1579409902
1503009432
1592409220
1594309844
1582209874
1530709334
1502709788
1548809832
1503309703
1582209439
1540809973
1583309778
1598409904
1502809927
1502309770
1532009422
1542409984
1593309923
1533709082
1574809788
1573009782
1577909982
1587709822
1572209030
1503709903
1573009894
1522709083
1587409338
1588009343
1588909890
1503009843
1528309799
1522809980
1523409008
1524309337
1537209844
1544009337
1579909482
1500409320
1597309339
1530709900
1504009090
1537009897
1523809973
1573009828
1532209927
1532809722
1500409834
1584009439
1542009009
1540309700
1523009874
1504309899
1577809770
1548809204
1542709733
1500409720
1529009700
1503709004
1589409774
1542209483
1523409899
1549909230
1533409009
1544009932
1522309033
1527809399
1579909099
1548809442
1543009370
1537009429
1543009408
1539009949
1599209078
1577809890
1549709223
1534409778
1502209092
1502809499
1544209922
1599809290
1533009337
1599809987
1529709774
1509009430
1532009739
1574409722
1522409083
1527709472
1548809308
1599009008
1548009324
1577409002
1532209033
1588409077
1598309388
1592709228
1503809939
1570209339
1599409077
1580909788
1502709433
1509309982
1530209033
1583809982
1523809923
1580809044
1543809004
1538809842
1533709734
1592709973
1598009382
1580809009
1599209244
1503709334
1523309900
1544309080
1588909742
1570809948
1504709002
1598009943
1583009023
1598409722
1588709773
1539309220
1588709304
1588209003
1579009409
1582009233
1544309928
1589209844
1539009809
1539009890
1507909477
1572409930
1582009900
1529909829
1590809088
1547709203
1504409930
1533709204
1582209080
1533409200
1570409973
1593309038
1543309732
1507709704
1598809078
1583009930
1542009084
1538409939
1504409822
1509909908
1573209300
1573309902
1549909280
1593309420
1544309474
1503309034
1579209933
1504909477
1547709923
1502909932
1504809447
1583309088
1522009937
1599709437
1587009989
1537009700
1548809723
1503009348
1580809928
1594409843
1587709880
1522909982
1539409940
1577409909
1547709230
1528009422
1599409740
1533209480
1599409247
1549009834
1589809338
1540809477
1584309904
1503309898
1598909033
1543009478
1529409002
1529309970
1590409883
1534009892
1588209282
1587909907
1588309943
1549009284
1507009973
1502809822
1589309744
1587009723
1520309449
1508009007
1520309933
1522709087
1574409489
1592009729
1582009073
1599409482
1579909078
1599409747
1532909972
1577809233
1534209899
1502209008
1520309970
1538909344
1582209382
1507809884
1588009433
1537909940
1548809787
1598709988
1582309947
1548009338
1523009289
1523809927
1579909742
1599409494
1508209943
1583809442
1538809039
1590809899
1599809308
1599009243
1534009870
1582309909
1597409220
1588009304
1523909984
1583009840
1597209902
1572709788
1523309394
1520309978
1589009208
1549909337
1523709909
1528709338
1530309934
1592309938
1598909977
1573809443
1540709987
1534209033
1509209902
1582209743
1522809823
1539709880
1539009207
1584409023
1509909984
1577809427
1520409399
1574709770
1577909023
1547209442
1537009887
1522409872
1503209844
1598209299
1598009370
1537009093
1577809870
1529409943
1534909337
1529209044
1509909292
1524409437
1598209200
1504009322
1527809929
1577309979
1572009843
1500409399
1580309833
1542809244
1577009299
1502009707
1584409242
1542009422
1503309784
1577009472
1597709844
1507709294
1579009434
1527909443
1534409787
1523009480
1589809977
1599709293
1524409482
1577409323
1580209003
1537009420
1547009889
1520409003
1530709889
1549709227
1599209220
1583009320
1523209937
1544909040
1574809939
1538809023
1590709388
1590209877
1594009387
1503409904
1509809488
1592209784
1520909449
1539909020
1578909400
1540309443
1504809979
1579409909
1582409979
1548809779
1573309070
1503409288
1508809240
1544709884
1524409242
1588709293
1578709989
1543009203
1588709230
1522309903
1578009822
1522009244
1504009247
1598009827
1532809223
1572309978
1528709788
1589709099
1599409929
1570709788
1543209229
1597209907
1508209244
1524309744
1547009294
1502009320
1573309282
1587809003
1543809770
1530809227
1584009098
1544809728
1588309947
1504009379
1593909442
1534209227
1503309328
1532909934
1509809988
1522909924
1539209244
1574809337
1543009382
1532909974
1573409227
1599209928
1502409077
1544009984
1524209778
1509909849
1529909374
1597409972
1533209420
1593309908
1533709473
1582209882
1578709903
1577309398
1549009233
1547009374
1522409984
1509009043
1587709973
1533209294
1548809709
1524809972
1548309007
1523309270
1599009920
1542209873
1502709932
1587709382
1533709792
1502009020
1589709927
1587009728
1578809420
1593009202
1544209923
1577209082
1574009388
1524409430
1578209322
1589209980
1594009899
1539009930
1503309928
1522709793
1548209009
1533409833
1592409880
1588709329
1573309899
1582209887
1539909403
1539709948
1592909339
1584409298
1548809870
1549709788
1537709347
1577309328
1577409437
1580809907
1599309940
1543009400
1503009328
1539009049
1537809322
1583309337
1577909943
1594409448
1544809740
1572209270
1588309748
1594409790
1507209770
1540209449
1583009024
1584409707
1528809778
1583009033
1508809837
1549009884
1588409879
1588409349
1502409903
1583309244
1594009077
1532809338
1528009949
1594009788
1528009729
1522409092
1534909228
1587709907
1520309229
1598409770
1520209322
1588209384
1577809098
1573009843
1593409200
1584209722
1593309433
1592209270
1588309708
1503309274
1533209092
1502009497
1533009974
1537409938
1584409482
1524809949
1594409204
1507709934
1548809403
1588709044
1549009330
1524809229
1528309099
1594309942
1537709227
1587709342
1538909722
1528409932
1539009347
1533209082
1502209884
1572909033
1522309803
1539209887
1599709797
1584209833
1583709443
1588309938
1500309408
1574409283
1527009779
1534709339
1582809233
1547709880
1574409889
1534009849
1593309828
1500409292
1503009200
1574009300
1529909203
1503209883
1593309927
1534209933
1588009402
1580709908
1549209833
1532209939
1592809377
1509309330
1508809032
1533409303
1508909833
1540309928
1540309233
1523409277
1594409700
1533209843
1587209940
1544009733
1593709722
1544709939
1577009004
1599209947
1544809879
1599709423
1529909873
1542009430
1529909228
1577809074
1502209799
1509809942
1572009308
1572909880
1597809099
1592209880
1528309044
1502209372
1534409308
1589909984
1588909920
1597709088
1582409334
1507009823
1528309220
1578009920
1582209029
1587009907
1577209290
1547709084
1500909344
1589009328
1542009338
1522809929
1598809788
1523809422
1500309747
1593009928
1599409080
1588209034
1524009377
1548009237
1584009922
1537309003
1593009802
1538909900
1598009299
1537709829
1587809902
1582209298
1504209943
1508009334
1587009430
1572209238
1574409397
1503309040
1587709770
1507709400
1520209449
1523909923
1522709789
1533009200
1542009274
1542209433
1538809283
1532909900
1509009203
1589309779
1500209947
1539009482
1504709449
1578909988
1509009087
1527009237
1592709433
1530409772
1572009038
1527909778
1578009324
1577809772
1507309974
1598809789
1592909822
1522009428
1533409827
1594309448
1523209929
1599309823
1539909097
1532809344
1573309374
1522909873
1500809833
1524009348
1549409377
1542809778
1503309707
1543809923
1582709744
1582009289
1500809009
1583309928
1528009022
1592309399
1549009770
1589809979
1538909973
1539809773
1537809938
1544309423
1529909304
1500909922
1544809942
1577309420
1574209722
1598009307
1598809897
1500409908
1592709899
1533409784
1588209377
1587209844
1579909202
1598909088
1593709942
1583309207
1574209927
1502209807
1549909833
1538409033
1577009988
1527909978
1592209349
1533009733
1542009740
1599309723
1594009743
1504709220
1588409027
1594709233
1507309979
1570409229
1508409033
1509809499
1532009307
1599009044
1530909983
1582209742
1508409903
1544309987
1588709030
1524409843
1570909339
1542809744
1582209792
1523809979
1520309900
1588909223
1522009203
1549909840
1542909889
1508709477
1542809822
1534009837
1523909770
1522409304
1533909272
1549709477
1508309477
1582209489
1587009370
1572209492
1593309339
1522709494
1504709987
1533209499
1577209338
1547809220
1579709909
1544209832
1588009720
1549409477
1597009248
1548009337
1597309300
1574009989
1500209704
1548809887
1530409332
1500809799
1572909923
1573309223
1507009883
1544009833
1504209988
1527009029
1507709038
1543009702
1509009849
1504209887
1533209728
1544009288
1570909330
1500309203
1527009284
1522309898
1533709499
1574009708
1588909878
1500909040
1503009792
1529009922
1587809773
1584409370
1544809478
1598009949
1572209939
1592309009
1503309847
1524409722
1589809899
1579909724
1544209028
1538309877
1544809092
1548709939
1524409422
1522309242
1529709004
1544309773
1597409477
1572309930
1530709800
1529909422
1544709932
1587709383
1508809207
1594809300
1593809744
1584309227
1577309897
1584009484
1503809388
1529309909
1527409443
1503209440
1522309778
1538309942
1507409884
1500909047
1500209207
1538709022
1594009779
1594709022
1574209980
1572209282
1538409907
1522809830
1504709983
1527009207
1544309438
1507809004
1533409270
1577809308
1587009980
1509809833
1523309440
1573309984
1524409280
1573009394
1500409974
1582309899
1522309942
1507909388
1578809934
1597809902
1524409094
1570209939
1599309027
1503009902
1524309773
1544909399
1524809947
1577209324
1544809884
1594009907
1599309273
1598809223
1588709394
1539709088
1592009308
1539209988
1537209882
1547909907
1597209934
1532009424
1522309883
1548909244
1577009977
1523309799
1542409088
1547909978
1544009077
1599409047
1543009020
1598909433
1589209433
1549009220
1522709737
1577309478
1579809344
1533209740
1587309448
1508709440
1508809427
1599809280
1588309773
1529009382
1578009029
1580909044
1542809978
1524009889
1542009443
1598009099
1574409200
1538809484
1544709722
1522309297
1593809339
1597709983
1522809202
1538809423
1584009278
1538409322
1522309389
1589309433
1598909909
1504709902
1504009834
1588409292
1542209003
1527709033
1528209973
1522809227
1529009449
1500309449
1584209942
1523309833
1507709803
1524409837
1504009808
1574009204
1500809938
1579009799
1584009939
1522309799
1540809980
1580409944
1533709720
1578309033
1533009839
1528709977
1594809700
1589009077
1578009880
1529209983
1522009972
1579909774
1522709792
1579009842
1528909909
1539009232
1522009893
1592009703
1524009284
1532209420
1500409220
1599209870
1599309387
1532809477
1599009300
1597009282
1532209470
1582709877
1500209447
1502709938
1577809797
1529009279
1507709207
1533709427
1548309447
1500909078
1594409203
1500909490
1539209877
1534409443
1577809788
1580309970
1524009338
1577909429
1539709929
1589309987
1543909449
1587709470
1588409780
1588709804
1539009497
1523009324
1540709442
1509709722
1502009803
1583309384
1528309889
1500409923
1544209097
1577209473
1584309889
1584009938
1543409288
1544309772
1574809288
1597909772
1579409900
1587709700
1534409008
1594009889
1502409933
1579009233
1578709443
1588909798
1544809424
1508809878
1542209832
1577209249
1528409887
1587009337
1509009030
1574009389
1534009973
1532009828
1529009883
1548909920
1594409847
1589409733
1544809933
1507409007
1589309337
1584209978
1547009748
1543409932
1532209879
1544009388
1594709229
1522709808
1588409398
1588009229
1598909443
1537209943
1527709802
1529309322
1537209099
1533209370
1522409023
1529009002
1544209703
1574009829
1592209424
1500809373
1573009477
1588009370
1582409900
1592809722
1502909770
1537209722
1530909902
1599209730
1528809348
1537409339
1572009927
1534009922
1520209733
1574309908
1524909022
1588209392
1500809438
1589909432
1530909044
1544309724
1597709978
1520709077
1527009880
1572209989
1544709009
1500209283
1592209908
1583709982
1594409099
1544809242
1533009277
1500309287
1524409328
1583309734
1572209247
1544209077
1539909292
1544309099
1522409292
1539809930
1529709948
1570709902
1588409908
1507709722
1534809974
1524309224
1509809972
1542009389
1583209922
1573309388
1544709387
1507709487
1574409348
1549009247
1508909099
1599409734
1524409700
1533809449
1524409409
1598009487
1588909390
1594909770
1500909802
1503809330
1549009920
1577809899
1508209338
1520809937
1504909299
1584709004
1593309723
1547009893
1524409799
1509009923
1547009244
1579309433
1588709093
1597409733
1578209338
1522409942
1588209020
1543209880
1592909907
1594009043
1532809778
1579009824
1507709279
1584209772
1500209909
1579009374
1587909229
1577409243
1584909934
1507709003
1549909703
1578809930
1528409788
1539009893
1504909399
1522809340
1533209482
1574409403
1577909408
1599709484
1533009377
1598809803
1533409908
1574409408
1500809304
1549309799
1549909304
1528809988
1599209989
1590709449
1578709008
1527709393
1524309799
1530309228
1547009048
1587009327
1587209908
1507409978
1549409002
1507809937
1582009744
1520409733
1590209887
1500809787
1538709822
1543709722
1588709382
1588709400
1533209330
1539909890
1599709808
1544009208
1528009908
1599409079
1572209442
1540309224
1583009807
1577409299
1549409988
1572909774
1509909740
1509809300
1537009400
1572209497
1540909932
1500709309
1532209493
1544709389
1539009843
1589909929
1503209909
1544309233
1523009978
1523409338
1548009403
1578209344
1547209987
1538809492
1598009900
1527309980
1574809399
1527909338
1537909088
1587809940
1529009003
1500209043
1584809788
1522709277
1572809233
1502309983
1577809723
1522909829
1522909227
1502909988
1539409722
1538709200
1529709008
1522409730
1508809738
1588209897
1599709907
1530809907
1537709273
1548709884
1538009494
1597809889
1508009943
1528909002
1520309447
1599309309
1570309930
1534009420
1523309838
1500309383
1583009393
1543309709
1579409332
1592309339
1598409942
1594709799
1500909202
1578709400
1528209908
1599409909
1520709448
1522809037
1502209480
1504009297
1534709778
1579409773
1508309388
1588709248
1547009383
1583309907
1500309033
1540309882
1500209084
1594409329
1574409497
1500309409
1508809982
1597909344
1503009779
1504409424
1524409372
1537709943
1583009489
1527709780
1544709202
1523009082
1522809332
1543409322
1587709807
1577909024
1528009744
1520709244
1502409773
1544709737
1549909407
1577009273
1547709320
1547009970
1577009238
1587009740
1500809382
1599309927
1577209300
1597309099
1547009304
1502009798
1577909040
1582209294
1594009983
1529909797
1520309799
1588909244
1587209907
1573309074
1587709022
1528809920
1579709928
1573309403
1577009033
1578909388
1543709909
1527409223
1522009022
1589909207
1508209800
1522909349
1544209972
1532209332
1524309334
1544809790
1599209237
1529909384
1533209927
1503309440
1597009929
1522709320
1594009209
1509009834
1592209243
1523009208
1572409924
1500409800
1599309977
1529909009
1523309820
1578209332
1538809822
1540309900
1549809980
1573209744
1598909448
1504409327
1547709724
1509909902
1579009422
1573309890
1547009288
1524209799
1533209299
1574409483
1577409498
1598809989
1544709729
1500409773
1538309822
1573009738
1537009838
1578709947
1537309788
1549909390
1540409982
1582909229
1537909927
1549409044
1579409877
1599009298
1592209780
1503309209
1589009884
1593009907
1584009879
1584009440
1544209027
1534009388
1537009872
1587009308
1597709794
1548909443
1534809948
1579009883
1500309892
1508309942
1542409983
1544909870
1582209809
1528809927
1533209080
1520209003
1587709800
1599009029
1588909708
1592209233
1592909322
1522009382
1509909979
1593009800
1584409273
1540809447
1589309770
1500809823
1528009248
1583909224
1597709238
1573709733
1508809883
1530409899
1544309224
1500309327
1522809380
1583009433
1597209770
1503909884
1539409227
1588309980
1522709402
1599409977
1577409889
1538009498
1538009740
1583309327
1598009223
1524409770
1599409228
1538809393
1598909799
1500809404
1582809889
1584009272
1593009248
1504009373
1543009300
1599209203
1500709934
1588409903
1579909784
1504309907
1570909979
1547709279
1533909439
1524009423
1527009740
1504009824
1547709800
1530209442
1549409799
1543009042
1589909027
1588009434
1533809984
1584409220
1548009923
1577909407
1594809773
1549909282
1572209288
1583309243
1592709299
1593309278
1520209477
1598709288
1593209442
1522909784
1522909989
1500409290
1533409048
1599709022
1503309834
1592009934
1573709700
1578809940
1574009822
1544009477
1572809338
1587909399
1580909800
1500909402
1573409778
1593009274
1540209887
1574809077
1507809883
1532309088
1529309399
1534709499
1570909884
1599009747
1589209977
1573009440
1580909974
1507009928
1574809949
1532209494
1534009728
1520309943
1522909093
1584409838
1532209834
1524009332
1520409884
1533909228
1509009088
1534809004
1504909987
1599309083
1594009287
1583809984
1507309983
1529009249
1598309077
1544709879
1502409099
1577409202
1508909978
1588209709
1599209943
1583209773
1503009939
1502009339
1529909722
1543009907
1598409880
1588909293
1544209244
1547409984
1548309948
1508009908
1548709088
1523709772
1590809980
1598809009
1599009724
1597209982
1540309229
1500209707
1544309480
1593009479
1539009394
1504909233
1574009849
1599209099
1577209049
1548809299
1542009790
1539909494
1527709722
1529909233
1540809899
1583409229
1508209932
1578709774
1589909072
1500409804
1507709927
1577309229
1533809438
1527809949
1527009497
1534009293
1534009943
1539209944
1592009047
1528009003
1593309929
1537009794
1544309302
1507009323
1539209227
1520809884
1593809448
1530309949
1543209344
1582209482
1532809927
1528309778
1587709837
1573309784
1597209228
1573909973
1599009227
1573809300
1544709803
1520409934
1583009234
1539909740
1549009090
1598809379
1537909943
1540309884
1504709889
1543809788
1577809240
1547909887
1522309283
1523809477
1528809428
1584009033
1530309774
1538909788
1599709409
1583009294
1509209433
1548809738
1572009374
1579909873
1502709988
1572809440
1527209937
1578309449
1597809224
1548009807
1504009372
1572909974
1588709779
1533009329
1547009797
1599009442
1580709007
1549209422
1530409033
1522809747
1589209979
1583309742
1582209883
1538809977
1542709377
1570709224
1544909822
1544009093
1504809337
1599009082
1509909739
1533909300
1547209920
1522809709
1599709272
1528409499
1543909772
1502009790
1529909487
1578209200
1593009892
1548809398
1599209487
1508809782
1500809340
1548909970
1549809889
1592009923
1593209903
1580709927
1504009299
1593309938
1527309227
1577009092
1532009797
1588209373
1573809332
1572909989
1544809382
1533709892
1588209772
1527309322
1503009972
1547009403
1589909477
1533709722
1543309432
1583909927
1543009323
1524909300
1544309392
1580709004
1577209283
1577009224
1547909908
1594209778
1594909722
1504809033
1502009007
1583009094
1588009007
1528809982
1597709893
1599409004
1543009734
1588309208
1522409940
1504209220
1570709442
1502209374
1579709009
1534009034
1592309934
1572809883
1588409784
1588009873
1520909338
1502209728
1587209973
1583909220
1523309924
1523309927
1573309782
1537209989
1524009924
1588709809
1522409302
1532309937
1593709903
1583009334
1533209802
1522009740
1570709984
1547209982
1503409944
1523009338
1539709288
1544809747
1538209330
1523309347
1587409972
1537709043
1538209904
1583009279
1548809409
1528309934
1529409923
1529009879
1587909939
1540409772
1543209447
1503309270
1589209008
1529809002
1583009239
1507909399
1528809082
1509709422
1529009244
1589809200
1599309344
1529909339
1589709774
1504209978
1577409439
1547009920
1542209288
1522709094
1582709983
1588309423
1572209328
1529709903
1582009234
1549909400
1508709300
1549909232
1503309424
1543009740
1534909433
1508009300
1588209749
1580409974
1570709920
1523009439
1538909779
1534409302
1577909038
1588209344
1588709933
1593009909
1508809949
1539309778
1530209948
1593009700
1584409474
1537409978
1580709449
1530309330
1500209923
1528709220
1542009492
1524809227
1599209874
1587709904
1599209207
1590409933
1549009303
1543309973
1582709244
1538209984
1578809404
1500809847
1548909877
1597009748
1570209772
1509409778
1547909447
1532809970
1588309799
1543309223
1520409277
1549009482
1599409208
1543009423
1593709007
1528009390
1542409927
1524409322
1507909972
1598709938
1570809947
1524409374
1532009299
1598009778
1589909784
1598809839
1500809244
1522809704
1509909792
1533809429
1549909740
1597709432
1597409900
1594009302
1542409744
1579909229
1577409423
1500909883
1544709084
1572309447
1500709299
1587709924
1593209904
1570309233
1509909907
1544709393
1574309938
1523309490
1538809902
1540409422
1502009084
1590209943
1527209722
1577309038
1529909447
1524309722
1577409070
1524409889
1578709099
1587709039
1592009029
1533909229
1508309733
1574009808
1538809027
1509409934
1500809204
1540409200
1593009749
1594209944
1582209428
1539909703
1580309733
1549809799
1509709943
1599709094
1588409448
1593009482
1572009740
1548809042
1582209087
1587009070
1572909877
1500309744
1594409284
1592009887
1508409220
1544909079
1574409090
1578009883
1593309902
1543009449
1544909943
1528009093
1578409433
1534409742
1598309883
1528809447
1589009302
1520309299
1590209932
1502809948
1508809798
1594409494
1544909297
1573209334
1577009428
1577909272
1509309940
1503009904
1524209970
1542709982
1588709370
1533009380
1522809477
1584909932
1590909288
1522009720
1539009982
1599809480
1598709442
1593409003
1592409978
1587909934
1594409709
1537309377
1547809887
1523909977
1577309388
1539209884
1573009032
1572709799
1527009973
1502009337
1587709789
1533909239
1500909273
1509909447
1532209908
1530709772
1583309440
1508909920
1597709423
1520309989
1539909828
1548009928
1599809443
1587809227
1594909942
1579009949
1548409377
1547709073
1529909492
1533009949
1533709947
1593909700
1524409474
1543309974
1540809009
1532409989
1502309909
1584309877
1577209878
1599209238
1577909334
1598209022
1524409344
1574409300
1530709744
1543909400
1592009040
1537809733
1500909982
1572209227
1532709788
1587009727
1580309939
1579009074
1500809470
1500709424
1574909903
1572209728
1592709909
1538009979
1594409833
1583009948
1538809778
1577909937
1548909932
1583209788
1593809979
1504009043
1544909334
1508409044
1577009887
1594809499
1523209774
1534309979
1538009838
1547709343
1598709077
1547309722
1597009839
1548409099
1507409982
1587709833
1570409004
1594009374
1577409820
1579809007
1530209448
1544309430
1582709923
1597209499
1543409800
1580909448
1507809973
1543309270
1543809338
1507409772
1577009827
1599809949
1589909209
1572009897
1599809078
1579009894
1587009793
1583009729
1583009074
1500209324
1599709097
1544809943
1588309738
1500709224
1534209344
1544909748
1502809003
1597909940
1529409778
1594909980
1524009883
1508209330
1577909230
1543309239
1538809397
1584009394
1548809380
1579909027
1500409727
1578809302
1542209074
1589809884
1529909472
1578009378
1532009080
1599309834
1588009200
1592009002
1599409380
1593009799
1507309923
1533709979
1500909884
1588309834
1588009302
1588209049
1500209078
1533709488
1594409040
1549709779
1507709399
1548309433
1527809477
1547009370
1507709200
1500709938
1572409980
1529309422
1573209943
1533209778
1548009093
1593009732
1527009940
1520709979
1597009423
1582909909
1579209003
1594409947
1547409377
1589909804
1533209439
1543709974
1524409480
1592209938
1583709943
1534009834
1588709923
1542409904
1533809783
1523409887
1528009482
1597809422
1538809390
1507009900
1598409228
1574009088
1572209748
1544809297
1542209079
1507209949
1502209923
1547309099
1507009300
1507309334
1503809933
1509209499
1527009049
1549009904
1588309098
1544009834
1543309409
1544909834
1523009743
1572909448
1534709299
1509009084
1583409088
1533909982
1587409927
1532409244
1549909940
1544809473
1522409042
1544009937
1530809800
1593709928
1538309909
1532209728
1592209423
1572409077
1538009420
1548309422
1538409773
1547009224
1540209334
1542209737
1572209908
1509909844
1538809323
1522009970
1520809788
1587709234
1500809743
1583209033
1594709928
1549909889
1597309972
1544909073
1587009974
1539409007
1547009447
1574209422
1507809988
1507709247
1532009278
1543309274
1522309390
1592209294
1503709300
1589409833
1588309948
1547209277
1544209833
1587709233
1583809700
1577009400
1524009493
1579709400
1534809449
1544809289
1579809934
1590709488
1500309448
1527709827
1532309449
1597909978
1588009292
1528209923
1542709844
1589009783
1508809442
1578009274
1544709429
1588709799
1538209337
1599809244
1528409979
1542809934
1582309223
1523209722
1527209882
1500209330
1584909939
1540809422
1507209974
1547209923
1503009387
1578809830
1523009809
1533009923
1578009499
1578409887
1580309907
1527309447
1540309033
1502909772
1547209772
1574209300
1539909949
1598809030
1537009028
1530209488
1508009939
1578809027
1528009478
1503209229
1523309424
1579909902
1573409900
1574409808
1588209370
1599309978
1500409793
1500709902
1502009838
1578309987
1593909099
1578409972
1589909798
1504309200
1584309899
1578809977
1578809728
1588409329
1538009440
1534809733
1589809929
1533909034
1584409424
1527009794
1507909800
1524009800
1587009720
1522409233
1502909004
1583809440
1542809228
1588209297
1509009020
1500309422
1540409932
1523409499
1597709328
1578909077
1533409944
1584009727
1500409097
1507409299
1544709872
1537309229
1523309077
1572809939
1593009297
1542409770
1577209332
1593009439
1599809989
1574009430
1549709330
1532009084
1538809874
1529009290
1529909903
1588009328
1588209294
1534009223
1509809877
1528409448
1584309972
1583709744
1527709430
1599209493
1579309733
1579709288
1598709920
1577209470
1547009089
1532409889
1587209778
1570209773
1573009023
1577409370
1504409829
1527009074
1579009774
1583809227
1580709224
1543309397
1583309490
1533909370
1524409400
1544209903
1570409880
1533209227
1593009047
1572709880
1593209337
1579709800
1500209429
1533009744
1592209909
1583309772
1544809380
1583409334
1522909020
1582809744
1547409930
1597309833
1577209922
1500809207
1582009383
1522909238
1542209827
1572209739
1537709224
1573909978
1577409774
1537709283
1544209977
1597709734
1539209299
1537009337
1584009347
1574409299
1583409974
1599409797
1570809920
1507709930
1533909279
1543409889
1534809933
1583809334
1587909800
1599709978
1589809908
1583409907
1533209234
1592809800
1582309987
1523309342
1570209930
1592209494
1527709389
1528809223
1522309737
1507209022
1584409390
1523409947
1599209822
1528009984
1573009709
1509409488
1502409932
1582309227
1538009370
1529709940
1537909988
1532209439
1543009094
1534009988
1583209942
1599409738
1574409824
1579009087
1548009827
1534009770
1542009738
1533009928
1539909788
1577209799
1532209793
1532809902
1508809772
1577209328
1528409774
1543909987
1583709938
1587809033
1539309799
1583309840
1522709938
1500909780
1572009299
1583309837
1577809072
1544309488
1500909823
1534009294
1583309938
1527009242
1570809877
1522009800
1538009208
1599309430
1570309388
1574409988
1597009442
1509709822
1573309482
1599809220
1522309023
1593009927
1598009747
1592209939
1522309342
1530209877
1548709099
1534909338
1528809987
1500909073
1522709030
1533809800
1544209924
1523309382
1522709780
1547709809
1528009840
1577009328
1578409744
1540809800
1533709300
1533209873
1578009339
1577809887
1578409338
1589009738
1530409930
1542809499
1528309977
1524309844
1508009723
1588309477
1582809003
1599809704
1599709048
1593409937
1523209907
1574409273
1503309890
1594809980
1532709800
1532909277
1524309889
1509209939
1538809747
1533709804
1547209003
1522309788
1573409972
1532809922
1587009482
1530309929
1540309377
1598009078
1530909947
1593909923
1583809744
1572009023
1543309898
1580709833
1594009078
1533409704
1577809080
1533909372
1548009393
1574009244
1538709779
1587909970
1577009249
1528809002
1507809984
1522009442
1503409077
1592009970
1502209099
1544309780
1548809794
1533209427
1573909088
1549009738
1578009343
1529909079
1594009320
1537709203
1533409037
1542209983
1507409779
1524309499
1542909899
1528209400
1504709200
1508009724
1543809220
1500909702
1588909442
1522909447
1522909284
1548009978
1547709387
1547709844
1534209220
1589209908
1504809722
1509909274
1539909427
1532009478
1589009729
1592909330
1529309984
1522009247
1500309328
1547809922
1527709098
1589709947
1507309788
1577909430
1542809932
1597709439
1599709749
1539009077
1528709987
1580209984
1520809200
1588409427
1500209340
1547209949
1573009228
1529709440
1522009823
1592209027
1599209904
1570809977
1570909942
1582009037
1544809474
1579209099
1504409409
1533009237
1578909944
1588209390
1582909388
1597009487
1528009379
1500709909
1598709983
1597209322
1523309937
1580909477
1570309099
1507709983
1590309920
1500809488
1593009879
1574009920
1592009873
1587709433
1587409903
1577409073
1500809932
1593709448
1538009479
1599809820
1539909983
1544009828
1584809722
1538409937
1503809733
1540809228
1578409009
1500209980
1528209928
1583409299
1588909097
1537309223
1508009388
1594409800
1544009807
1503809928
1547409909
1533809844
1547909930
1534709880
1508709844
1502909779
1584809099
1589909304
1544009024
1532709337
1580709233
1582709338
1579309277
1522909040
1524009738
1504409330
1524709939
1579909747
1579009232
1509009924
1539309844
1503909937
1524009442
1580709800
1502009943
1537009339
1522409340
1547809200
1579009887
1574409783
1522909308
1522809890
1572209840
1590909949
1589409099
1544909429
1508009833
1528809890
1548409799
1522409833
1580809989
1523009087
1594009238
1547009082
1522909947
1533709307
1509409943
1539909447
1524809932
1524009729
1538709929
1508809387
1547309979
1589909800
1533409249
1500909029
1582009433
1573209947
1523409339
1538709044
1582009340
1542909907
1504209942
1549009823
1589909227
1588909734
1524009209
1537709982
1539009884
1523909940
1589009370
1522409043
1580409772
1592209284
1503009979
1509009073
1504009287
1532209224
1503409200
1500409944
1530409973
1528209007
1549909328
1572909334
1537009287
1508009772
1588009870
1574409442
1590209344
1542009227
1572209427
1533009447
1504209433
1522909204
1584709778
1509409882
1543309899
1534909908
1578809943
1570309908
1590209882
1588009732
1538409227
1590309477
1599209742
1579209979
1539809800
1577409874
1530809844
1579009038
1598309779
1508209744
1537709200
1542209707
1572209340
1589409300
1584909979
1524209927
1534909942
1587709423
1527409943
1583009097
1500809274
1529009278
1532009208
1574009870
1593309837
1587009944
1524209033
1527809778
1580209799
1578809023
1544209929
1593009070
1544709909
1528409009
1527809887
1584909943
1594409079
1500209973
1502009772
1588209742
1527009022
1540409844
1597009943
1582009047
1544309002
1574009093
1500309947
1572209383
1549709980
1524709002
1592909009
1509009099
1588909732
1583209299
1588409488
1544209783
1544209498
1549809978
1588909773
1502409899
1529009224
1522009278
1543709220
1590909033
1523309297
1598309948
1528909933
1533709920
1533709747
1542009320
1524009492
1502409288
1597809200
1533809797
1502809833
1593309973
1509909393
1503809947
1587909932
1523409922
1578809427
1588909839
1573909883
1529209788
1539309399
1543209774
1584809887
1544909034
1538209930
1508709927
1502409928
1577209098
1522009890
1507009732
1534409407
1572809200
1573209938
1598709884
1503309288
1544709982
1582709989
1528809787
1547009808
1539009030
1574709884
1504009078
1542309980
1573009743
1523709700
1544009087
1599209433
1522909024
1587709872
1503009822
1528309947
1507809330
1533809809
1544309872
1588309279
1508009082
1502009290
1588909837
1507709479
1577909302
1523009073
1542309022
1500409739
1524709908
1529209422
1504309388
1584209937
1547409948
1522009279
1542209374
1538809280
1524209942
1599009938
1527309943
1539909023
1548309932
1597709947
1500309239
1534909988
1584409872
1527309002
1592009740
1572009273
1588709903
1599809879
1583909943
1597009073
1584409302
1507709730
1590309939
1538009797
1542209240
1590309008
1534009377
1527409930
1588909494
1589309440
1508909044
1504209949
1527209979
1577909978
1524209928
1599709297
1507709937
1537409944
1542709007
1590309344
1503709778
1572009073
1524709884
1537709384
1544709907
1509809433
1582409822
1579709929
1592209048
1504709244
1583409007
1543709939
1592209023
1523009703
1548809202
1578409339
1523809970
1507709448
1520209884
1588709097
1570909844
1529009048
1594009284
1594409793
1577809728
1547709834
1598809083
1520909904
1527909833
1570709488
1522909774
1507009294
1530309844
1543009497
1592009808
1577009407
1509909898
1507709794
1537709300
1503309840
1528809009
1507709779
1584809339
1543809887
1579009723
1503409973
1543009727
1582809004
1509309224
1582309942
1503309498
1509209004
1507809877
1540309773
1540409004
1599009049
1577009072
1502009070
1522909094
1574809983
1533909308
1520809744
1599309339
1529209200
1577909422
1534409247
1578909448
1594409823
1533909348
1549909344
1587709830
1574709932
1599409489
1542709233
1508009878
1542409488
1584409270
1544909428
1538009087
1588909284
1549709904
1578009474
1537009292
1549909082
1537809300
1578809837
1584009433
1578209233
1599809093
1544709287
1549909700
1533709974
1544209094
1590809877
1598009922
1593909003
1584709822
1547909948
1507009840
1597409422
1539009842
1533009734
1582309033
1589709338
1508309877
1582909733
1532409928
1543009373
1507309883
1588409309
1592209708
1529409399
1599309947
1537709977
1578709924
1520909443
1500709499
1522409837
1504409484
1533009749
1544909472
1500909204
1578209924
1589009003
1548909772
1588909274
1528709903
1544809004
1578809989
1527909938
1523309048
1572909399
1597009984
1593709987
1593809933
1578809377
1580209499
1509909788
1500209782
1539209488
1584409740
1504409097
1544809979
1523309739
1529009980
1508009788
1507709729
1503709772
1594309902
1544009474
1594009230
1594809007
1508009440
1538809434
1580909903
1594009323
1549809984
1573909920
1522909922
1527009704
1599209273
1574009873
1577809224
1582009479
1522409838
1579009877
1594309887
1520409008
1547409978
1593209907
1542009842
1583009032
1584009944
1593309702
1590909322
1578009483
1504409329
1524009049
1587709490
1508009244
1573809982
1542009904
1574009033
1533709328
1500909399
1524309930
1500709733
1540909400
1589009240
1527909477
1522009037
1582809933
1528309900
1502009749
1538809289
1547409937
1584809488
1507209933
1588909338
1533909027
1528009879
1582809772
1522009038
1592709443
1532909022
1544309024
1599209842
1543009840
1593409773
1579909748
1529709884
1582009949
1593709228
1582409774
1548309338
1582009903
1544709880
1523209009
1547709824
1537309988
1522709944
1599709009
1507009989
1577209499
1577809232
1540909882
1579009302
1504409848
1539909389
1502209449
1544909720
1548809229
1502209234
1589409989
1538309744
1594409894
1577009294
1589809299
1590209377
1509309978
1587409442
1597709724
1540809883
1544709940
1533809922
1524909770
1534209882
1532009894
1527909277
1590409942
1570709277
1509009877
1594309908
1534709988
1532009099
1578809344
1539409772
1584809033
1598009022
1533409703
1507809902
1539009908
1500709890
1549909924
1520709488
1573709948
1538909233
1503209422
1528009074
1524709949
1579409889
1502909088
1580809322
1544809389
1578209773
1589209099
1534209974
1539909003
1573709088
1587009283
1544309090
1534409909
1500809933
1573409228
1579809779
1500909288
1520809972
1509409337
1500209899
1574809900
1528009070
1540909970
1543009908
1533809404
1507709978
1582809942
1529309989
1548809733
1578809282
1527009722
1533909842
1528009833
1573309099
1573009884
1572309200
1584009899
1544009884
1574909980
1522709974
1598809297
1507909987
1522009073
1549309448
1577409987
1522009479
1533209700
1588309089
1574309322
1579409227
1502909928
1502409772
1539009437
1599709203
1578309908
1594909499
1549909202
1588709709
1533809324
1592409984
1527709948
1544909942
1533909894
1578809032
1594009290
1574909003
1508809042
1544709072
1504409708
1584409700
1583009877
1524809332
1593709700
1500209077
1584009847
1579009834
1539009778
1530209982
1527409899
1594309440
1577209220
1549909030
1524309449
1507309422
1520909002
1577209409
1534209982
1573709224
1529209909
1547309833
1503309974
1548809234
1548709300
1590709844
1528809247
1584709882
1509409773
1538809737
1599709787
1577909900
1542909977
1570209943
1572909422
1523209989
1543309878
1507009937
1503009940
1528309288
1574409437
1544809848
1580309288
1583409774
1533009499
1509909334
1503309977
1573409440
1543209947
1599809240
1587409939
1582409942
1584409747
1522809733
1540909338
1587309332
1570809880
1543309893
1544009089
1547009038
1574009800
1593409770
1532409984
1533409493
1509909780
1583409909
1572709844
1530409779
1509309922
1500709984
1522009290
1542409979
1544809408
1542009702
1587309922
1503309793
1503009900
1579009944
1548009080
1592309982
1577909973
1532009470
1542209272
1589409927
1509209907
1543209722
1533009722
1532009002
1573309204
1570909077
1502009388
1592209887
1532009398
1544309939
1530909377
1599709008
1579009407
1572009084
1533409049
1523309374
1522709348
1579309908
1587409938
1592909088
1579709004
1539309889
1528809374
1583909223
1538009929
1503009437
1542809889
1594909033
1504709277
1599209024
1570909774
1509009082
1538009337
1572209009
1540809044
1502209290
1593009789
1583809882
1522409232
1588409932
1524409989
1522309782
1577409934
1549409770
1508709733
1594709744
1533409097
1583309733
1598809247
1549409928
1573009838
1584409973
1532209408
1534709004
1507709478
1534009297
1533409770
1540709904
1523009799
1537909223
1583209322
1577909490
1587009377
1537309970
1509809930
1504409879
1548809839
1529809938
1520709924
1529409448
1527809229
1500409782
1503009289
1578009779
1508809787
1528009347
1522409403
1524409042
1584909929
1594209937
1547009078
1527309744
1503309730
1580809799
1598909934
1520409499
1548009240
1577209022
1589009402
1522309423
1583409344
1542409889
1544709328
1532809244
1544909002
1509409988
1540909277
1537709827
1539709077
1527709727
1527709740
1588709339
1507209773
1533809709
1507209833
1543009979
1577909833
1533709384
1599809393
1599409793
1540409908
1529909489
1583009988
1539009280
1532009904
1583309087
1578409334
1527909088
1502409022
1542309338
1504409237
1592909337
1507209877
1594309978
1572009837
1523309889
1534009077
1579009789
1573809229
1527009974
1500809239
1599009798
1528709722
1520309337
1572709800
1577409788
1597209277
1572209302
1500909239
1577409272
1573009229
1502009087
1572009094
1587009733
1579009398
1507909440
1597809983
1534009078
1544009389
1544909970
1522409877
1522009943
1572809722
1509409972
1534409988
1537009080
1529209934
1507809322
1543709772
1523309044
1522409307
1533209783
1599809229
1522009300
1529909848
1574409228
1548709003
1542209408
1593409883
1570409772
1520809932
1503009909
1500409988
1524009372
1587009749
1548809920
1528709399
1538009792
1544809797
1572809938
1544009038
1547709332
1544909848
1534409832
1542209949
1593909940
1504009033
1588309220
1500709082
1520409904
1579909297
1584209947
1594709339
1500309708
1593009200
1599009879
1592209932
1599309404
1547209009
1598009430
1594309988
1508409909
1524009922
1584009207
1579909384
1579909488
1588909272
1532009384
1579009029
1548809029
1539309334
1588309737
1500209089
1504409322
1502209487
1522909004
1534409472
1537709744
1523809904
1528909332
1509809773
1544009442
1580809477
1583709334
1579009482
1532009094
1500409099
1522909384
1524409498
1578209944
1539209978
1509909049
1583009429
1544309228
1589209300
1543909948
1597709229
1594409792
1508909779
1520309903
1508909923
1548909844
1539909344
1504009499
1584009900
1529909382
1538009840
1523309487
1508409099
1500809398
1507909008
1580209788
1592309980
1523709984
1509809822
1544309078
1508809342
1572709700
1599309300
1584009043
1594409924
1580209927
1577909428
1537009342
1539709987
1599409283
1592709300
1582209823
1583309789
1502009334
1534409078
1597709243
1528009392
1528909899
1548909800
1584309700
1523309307
1579009729
1529909770
1579009402
1524409403
1588009338
1587709308
1543909229
1533709783
1590309377
1523409978
1570209299
1539909229
1534409924
1584009240
1572209094
1522709440
1522809427
1577309380
1594909904
1549009889
1542209387
1529709932
1570809033
1529909272
1539909799
1537709830
1593709443
1548909422
1577909303
1523209322
1572009877
1588209428
1534009792
1523309247
1593909077
1520809322
1533209247
1532709949
1582209740
1533409288
1548909973
1500809949
1589709933
1528409077
1549909802
1599009297
1543809443
1522309380
1588309480
1542209030
1587409004
1543009304
1533209449
1578809984
1583009408
1523309873
1548809982
1539209972
1543009483
1523709337
1583709778
1504409939
1528809220
1538009782
1534209932
1573809344
1507409939
1593709933
1544909908
1599009237
1580909330
1507209988
1522009899
1523309942
1509209344
1598809230
1533909932
1502209233
1574909940
1533209077
1579909789
1502909700
1583709322
1532009247
1587709070
1598309334
1533209472
1544009384
1589809822
1580909889
1522409832
1502209438
1548009730
1589909790
1577909707
1522809077
1534009897
1508909788
1520209774
1577809720
1593309247
1574009207
1523709088
1522409328
1522009293
1538009239
1532409908
1508409822
1538809372
1537209277
1537309338
1579009389
1544709038
1533409974
1523809944
1573809339
1583709942
1588009877
1598809408
1587709828
1588009920
1583809773
1547309200
1577209449
1504009032
1507209800
1508409700
1533809730
1598409377
1533709929
1507709477
1533709970
1508809023
1544709943
1530409744
1538009984
1504409724
1583209377
1549909429
1598009437
1588709822
1522809938
1527309880
1539709337
1544309088
1504009073
1508909908
1592209872
1579909793
1597009974
1584409877
1543009784
1527209920
1534709887
1578809070
1594209377
1524409979
1502009484
1524009748
1597809322
1597409987
1534209700
1579009943
1522909402
1593309202
1598809439
1503309772
1582909947
1593309790
1573709972
1528009702
1577009773
1523709942
1534909930
1549909424
1524009309
1592409009
1597009794
1594009770
1599209372
1593009033
1577309947
1543809882
1508709700
1539909837
1547809932
1577809780
1589809443
1508009398
1592309338
1589309940
1529209948
1584909930
1540909924
1523009834
1570309344
1543009834
1533009390
1598209922
1529009473
1527209488
1504709399
1533009437
1578209400
1578909904
1502809900
1594409822
1597709092
1584809440
1543909228
1547209044
1543209448
1574209337
1533409849
1509009724
1584709440
1522709722
1528009399
1529009790
1507809440
1597709827
1533209040
1598809848
1500309949
1523709923
1579409772
1503409233
1589309099
1507009002
1539909028
1522909373
1549709733
1504009404
1508809430
1538809272
1588409933
1520209488
1507909908
1582209980
1549009724
1573309240
1574409727
1504009923
1549209983
1539409433
1522009708
1588909483
1508809382
1504409742
1599709247
1523009074
1523209223
1500309772
1572209883
1582209707
1570409932
1534309989
1577809848
1543309049
1528809880
1584409377
1537009732
1528809704
1578809484
1584009747
1504009072
1548809084
1522309793
1534309009
1543309042
1579909439
1574009398
1544809720
1503909929
1594209700
1529209003
1527009887
1538209980
1547909440
1538409887
1502709982
1599809099
1500709727
1574909200
1508309978
1570709300
1599209228
1598809893
1599709943
1537409942
1500709203
1537409833
1548709448
1599009443
1594409237
1543209700
1548809282
1533209470
1532209808
1538009924
1527009849
1533009483
1522409230
1577809709
1592009800
1544009402
1509909098
1588409708
1599209883
1538909970
1520209877
1502709778
1588009948
1503909337
1579909878
1529309788
1500909740
1530709228
1588209430
1529809334
1530809948
1577909932
1592209477
1574209938
1528009027
1527009232
1542009384
1543309808
1524409828
1578709244
1597009043
1582409922
1509009707
1520709007
1503209973
1547809338
1502009044
1502709889
1543009332
1582809300
1592209338
1592409907
1573409004
1502909007
1500809947
1548009220
1548709899
1583309743
1528709948
1500309944
1524809927
1582009937
1579209844
1533209332
1544909242
1574409779
1572309943
1544009848
1532309989
1579009240
1548809980
1574809908
1532409774
1500409337
1589809322
1540209779
1529809822
1543009808
1588409093
1594009470
1539809722
1577409402
1589009307
1598809722
1532309927
1582209043
1584709920
1587209733
1577309700
1533909739
1538709300
1504409403
1509009094
1507709434
1577009329
1573009392
1549009478
1504709338
1524709799
1543309977
1579009244
1538709223
1548409244
1577909420
1533909297
1597309299
1539709924
1588909344
1570709822
1579909230
1504009789
1582009230
1509909923
1533009220
1522709282
1500809742
1573709334
1547909940
1522409923
1577909487
1589409773
1500209829
1580809987
1537009383
1543309094
1584009308
1508809809
1534409029
1594009928
1584009907
1508209920
1579009740
1527409722
1544709290
1529809927
1522909892
1584409472
1500709747
1534709344
1599009784
1520209889
1508309447
1523009722
1529909780
1547709200
1507309779
1572409339
1534009322
1530709938
1599809743
1543009084
1504009943
1592409948
1500309030
1527709037
1539309330
1588709974
1533409722
1500309473
1527809987
1570809337
1578009099
1588209987
1504809244
1527709478
1572209924
1539709033
1579709449
1543309248
1539909784
1570909099
1548209443
1598809329
1539309884
1547309877
1572009044
1509009820
1533409229
1533009078
1533809048
1573009472
1503009092
1577309272
1503709448
1529009097
1598309972
1547709347
1584409372
1534209002
1533809977
1594409927
1508909488
1503209908
1573209799
1577909078
1502209384
1504909922
1543309740
1578009407
1587909744
1572009304
1573309378
1502009304
1527309229
1587709732
1584809288
1532009840
1528309448
1533709900
1532209700
1588709324
1528009440
1508209937
1534409874
1508809774
1597409979
1597309227
1599709793
1520809722
1547709202
1579409774
1574009408
1544309289
1584209330
1503309727
1533409708
1577909394
1507809499
1578909330
1547009408
1589309330
1530309227
1500909909
1530909077
1549409882
1544209797
1599809029
1504009894
1529909477
1543809330
1544709349
1572209044
1590809989
1500209432
1592709229
1579009287
1589009932
1544009923
1583409377
1544309307
1543009700
1577309204
1524709904
1597809330
1527309377
1507009092
1592209899
1529409229
1520809700
1594309008
1597809399
1544709747
1529909940
1543209877
1522409240
1500709893
1582209248
1533009702
1598909908
1574009299
1587709940
1587409779
1539209974
1577909234
1599309200
1547309977
1547409944
1544809427
1599209809
1509709903
1577909437
1508009877
1533909972
1539009427
1594809979
1524409337
1522909903
1590209244
1580309773
1503309374
1524909884
1574909224
1579309984
1537709849
1528009438
1507409822
1573309304
1597009827
1532009473
1508809424
1532309902
1529909370
1532009049
1599309742
1548809907
1522909080
1570809902
1509909009
1539009272
1583809447
1502209970
1524709440
1527009700
1502209889
1530909973
1570309974
1587809899
1588709474
1577009388
1577409308
1590409773
1584909949
1504909447
1523709332
1577809239
1507209774
1588009209
1543209903
1533709432
1587009838
1527009287
1577009398
1588309232
1594709929
1507009834
1532809288
1528809323
1574709228
1549209099
1538009780
1532809937
1529909277
1572809220
1540309227
1588309842
1503209299
1533409232
1534009272
1507409903
1582409744
1502309344
1530209928
1572009938
1577909293
1589909930
1543209982
1522009907
1599009404
1573309024
1537209977
1582809904
1534409082
1573809299
1599209873
1548909722
1578709440
1598909044
1592709448
1539709488
1547209779
1597409300
1584209008
1500909392
1597709740
1577409728
1509009797
1549009903
1528409934
1589709948
1549909800
1524009920
1532709920
1573209422
1579909702
1570209799
1520309233
1573309289
1570909938
1538709934
1509409900
1522009228
1542009442
1587009330
1588909229
1549409972
1573309307
1530809920
1599709324
1570809899
1549909984
1583909903
1544909420
1583209983
1579709744
1593809977
1583909883
1522009079
1599409988
1542009078
1597709870
1534409989
1597309933
1537709903
1538809849
1522909288
1577209309
1533809372
1573009947
1574409939
1504209233
1549409447
1509009373
1529009084
1509009027
1588709892
1542209249
1577909704
1500709849
1548309088
1549009849
1539209422
1504709934
1582409908
1592209847
1573209773
1507309449
1500309337
1599809847
1570909903
1527009734
1509009083
1504209880
1588909202
1540809984
1534909077
1524009304
1537709987
1500909898
1502209332
1527409077
1544009478
1594209449
1500809877
1584409283
1590809377
1587409923
1533209273
1589209337
1502809982
1507009293
1573709774
1500709223
1570209442
1508709033
1548809783
1547009930
1574709977
1589309927
1539009009
1593009944
1509709442
1573009382
1529909223
1528709200
1547009292
1502209399
1544709773
1578009927
1524009322
1530709773
1549709778
1583709288
1584209943
1524709774
1534909022
1588709037
1509909942
1547009788
1547009429
1504309227
1529709987
1599409930
1534009802
1583009209
1540409984
1599009800
1588009490
1539009738
1533209974
1543709980
1583009338
1502809844
1520409744
1578409983
1578709940
1594009273
1522309388
1587209077
1587809980
1549709447
1549809003
1524409744
1523309787
1504409230
1533709782
1583209947
1594409882
1500709387
1597809277
1547709779
1503009772
1589309947
1533709923
1570409733
1588409298
1598809008
1590809979
1594409878
1528309949
1587409224
1544009332
1532209234
1597709437
1530409223
1588209824
1587709839
1599009308
1598709447
1532709233
1579409447
1588909034
1509209930
1574809099
1570409940
1503909330
1533009832
1588709890
1539209779
1577309429
1522809337
1528209499
1593309244
1500809038
1572909883
1504709979
1599709070
1539009223
1594009842
1574409799
1549209977
1570409700
1588209727
1594409720
1548409984
1582709949
1544309739
1522809737
1537709824
1544209738
1543309237
1534309488
1509909089
1509909040
1599409242
1573309944
1529709980
1573309822
1589709443
1529009393
1599809908
1584009200
1577409424
1534309004
1529209722
1599209937
1589309928
1594009474
1507709928
1533809928
1522809877
1542009828
1503909004
1574809923
1504009272
1524209979
1547909909
1524409783
1502009248
1582209227
1524409098
1577909979
1507209339
1544009744
1599209790
1532409488
1522909822
1587209933
1573309390
1598809479
1593009247
1597409904
1528009909
1503309334
1502209044
1570809904
1522409774
1529709332
1534009422
1570209980
1584809987
1503209928
1503309938
1589709929
1548209022
1507309943
1507409927
1529309799
1589909708
1540309299
1584809477
1598309223
1503309409
1599409882
1504309220
1574709300
1527009377
1500809299
1540209930
1583809844
1547209937
1588309287
1587709779
1522309908
1539709244
1587909477
1527009830
1500709389
1529209833
1544009488
1507409443
1542709923
1574809440
1500709443
1582809733
1577309337
1593409077
1528009807
1577409470
1524409939
1523309704
1578809704
1529009274
1544209870
1524709227
1542409774
1544209298
1503009237
1539909728
1582009232
1504209932
1597009384
1507009803
1584009937
1522309848
1544209002
1522309320
1544209880
1597409922
1594009338
1570809922
1544309902
1577809279
1547009007
1582809224
1548809732
1597809300
1524709033
1539909798
1529009377
1573209722
1587709288
1547909277
1582009240
1520909884
1523209233
1580209322
1580709227
1509909248
1502709299
1547209004
1574409089
1503309042
1522709249
1573309732
1523009748
1592309300
1533809798
1547709738
1589309344
1588309442
1534409727
1524309229
1593309027
1570209938
1508009223
1530309983
1544809084
1578009083
1520909334
1502009343
1574409739
1500809708
1533209809
1522909423
1507709379
1582009388
1524209978
1500709023
1507709388
1577809882
1598809473
1572409788
1589709004
1540709947
1572009702
1574909008
1502309088
1500209279
1589009772
1573709344
1544709209
1507709872
1542409004
1572909337
1537209927
1532009382
1593309778
1548809024
1574209977
1598309889
1593209940
1532009430
1573309934
1500909274
1548009227
1544709092
1588009248
1539009344
1522909493
1593309873
1507009409
1587309770
1523009220
1548309877
1523309974
1502009989
1598409988
1577009044
1538309077
1594909928
1577409372
1594409889
1532209483
1588009823
1599309043
1548809424
1578709220
1508409844
1504709022
1504409034
1520309904
1582209889
1548709902
1544309344
1572209880
1523309074
1529009270
1577009230
1528409332
1537709398
1548009008
1538809727
1522809220
1589809002
1544209827
1577209400
1529309908
1584409299
1547709474
1500809437
1590209900
1527709709
1542909744
1503309802
1577209383
1548809930
1579909894
1548409330
1589309877
1509209422
1574009437
1547009349
1533209887
1502809884
1533009882
1532009743
1502709907
1548809978
1584409892
1599409024
1549309002
1524409899
1533209943
1592209799
1533909900
1523309483
1577409842
1507709272
1524309299
1582009393
1500909488
1587809934
1524709339
1533409209
1504709229
1544709744
1592009343
1547009940
1544809027
1522709443
1589309448
1572209802
1549709440
1577809880
1594909947
1522309394
1507009072
1538909299
1503709904
1534409948
1532009308
1578909983
1509909238
1522409028
1508409009
1500309270
1542809400
1588909273
1507309988
1588709902
1540909334
1539409920
1507709423
1527709729
1507709072
1534409929
1544009700
1507009898
1574809932
1524309800
1594209773
1500209498
1590209220
1588409424
1578009980
1527709303
1503009929
1527009397
1522709322
1502309977
1529009292
1507009902
1577209729
1503809044
1529909300
1500709783
1572009279
1577309042
1533409483
1589009792
1528009749
1588409842
1578709877
1597409938
1522309277
1500409929
1509909700
1572209893
1587309974
1570409449
1500909248
1530809979
1504309377
1598009927
1583309289
1533009090
1522709770
1502409920
1589909003
1527409880
1577009442
1543009033
1544009203
1582209449
1527709447
1572709322
1598309277
1597809400
1549409942
1524009023
1508709004
1587009292
1504009248
1587909922
1537009792
1500809974
1598009879
1508909889
1598809982
1548009492
1577809288
1533409743
1538009390
1547009899
1529309009
1577909879
1523209778
1503309929
1522909097
1503009083
1522409879
1548909778
1533409799
1508909927
1574909338
1592409300
1592809224
1533709800
1528009320
1592209280
1539909870
1587809930
1539909328
1504809939
1524909943
1504409388
1500709837
1529709973
1577809932
1523909788
1589909297
1599409878
1528309229
1547209927
1587009808
1533709274
1588309940
1539309233
1547909880
1594309980
1599209232
1549909808
1549009398
1570409948
1508409982
1573209987
1544209772
1500409387
1583309002
1523309708
1579909790
1572009828
1577309384
1509009330
1544209330
1588709774
1572309822
1592209248
1532209078
1534409427
1522809730
1583309939
1587709778
1599709290
1500809702
1542209429
1534909972
1533709829
1579309779
1522309308
1522009324
1594009442
1530409907
1598909940
1520709903
1500209224
1582209092
1599709723
1548309220
1578009443
1524209887
1523909927
1527709038
1532209293
1577409879
1548009892
1524409030
1577209972
1572409877
1570409332
1544309033
1579909344
1509809388
1509009074
1534409920
1577209828
1523409299
1544709738
1500409430
1574709244
1544909430
1588209337
1502409377
1522709984
1539309877
1522909492
1597009383
1508409934
1530209002
1529909970
1503009397
1577809732
1578809839
1589809904
1529009327
1599809292
1527909449
1533909872
1523409889
1537809889
1593309948
1500709234
1579009827
1500809728
1574409047
1533709032
1534709877
1587809877
1542009770
1548009924
1574409023
1577409394
1570809448
1540209904
1584709799
1574409398
1598809797
1503709227
1572009380
1584009430
1579809980
1539909373
1520309338
1579809009
1544209908
1577309928
1587809700
1574709833
1502009929
1584409244
1523009973
1582909778
1587709939
1533009929
1589909908
1522409202
1537309300
1532209083
1594009827
1592209422
1597909499
1592009332
1532009928
1527009848
1572709044
1523009937
1592409988
1594809223
1544709979
1583009728
1547809224
1598809493
1528009087
1588909232
1584909229
1588009293
1504009439
1523309977
1577209920
1527809223
1500809374
1533909943
1587909449
1573309243
1573309092
1504009240
1538809337
1538409004
1573209338
1524009089
1542909944
1533809323
1573209774
1588409973
1543309093
1532709044
1544709849
1579209929
1522809309
1599409030
1580709334
1528909779
1529709722
1573309487
1533409340
1544709720
1542209792
1573009872
1588209928
1592009723
1523009784
1533409707
1523409004
1539209987
1590309983
1503809883
1589909988
1589209928
1527909933
1587409002
1599009883
1592209299
1529909890
1532409977
1592809422
1544009443
1533409749
1539209930
1544309742
1539709004
1549909427
1524009708
1542409833
1580709900
1507309007
1543409978
1549709322
1547309322
1530409920
1502909880
1534409848
1593009400
1507909223
1533009039
1599209923
1548909332
1529009328
1543009937
1592209209
1593809774
1584409844
1544709043
1500809248
1549209973
1522709298
1588309378
1549009479
1587009033
1538309973
1523809449
1577809387
1533009842
1500909327
1527009349
1502709004
1508409744
1504809942
1592009209
1573909909
1583909338
1522909833
1547209899
1522709934
1500909390
1574409024
1549809900
1548009043
1577809492
1544709002
1533009094
1579009380
1523009390
1528809349
1599009030
1540209022
1583009792
1534409442
1577409944
1584009233
1544309930
1597709342
1524909220
1537009232
1532009303
1538809920
1537009937
1577809477
1570709908
1508809249
1583709399
1504009804
1542309770
1544209747
1539409220
1588309274
1503909977
1524309223
1527909970
1587009982
1524809979
1543309009
1583709973
1583809972
1579209970
1548309940
1522009427
1522709090
1509909927
1579909479
1579009472
1578009879
1529709400
1588009487
1504009937
1542209470
1502909822
1528809878
1597409937
1593809987
1500909477
1588309422
1574409729
1528409970
1504409877
1500309230
1527209799
1504809778
1549909289
1522409783
1579809088
1524409820
1574709887
1507009099
1593009279
1594009873
1538209974
1589909307
1533909920
1544809399
1544009493
1502709099
1523009700
1507709932
1574409898
1533909383
1582909244
1570709882
1589909403
1588709730
1538009803
1584209877
1597709490
1577409474
1534409977
1584909927
1587209388
1533409929
1577809943
1534409289
1580409799
1580209488
1528009802
1534309044
1577009824
1524809922
1589309220
1589909404
1574209744
1509309884
1577009749
1520309334
1549309949
1588909300
1532209894
1532709300
1504809332
1588709793
1547409088
1522709927
1573409779
1524409388
1544809773
1507909088
1574209338
1542209770
1584409879
1589209924
1583909972
1534409934
1500909044
1580809422
1537709002
1522009747
1597809009
1572009489
1533009720
1534809337
1577909282
1578009479
1540409022
1540909940
1500409792
1592009383
1502709970
1533209398
1587309778
1523209880
1578309799
1538909774
1500909303
1599209008
1500809332
1502209730
1584209939
1530409927
1587209980
1573909938
1523009300
1570409899
1503709008
1528909004
1529009828
1522009838
1599309739
1502809228
1584009927
1527809774
1538809740
1549209940
1577309924
1592209223
1578009972
1522909840
1500309277
1540309923
1543209788
1574009409
1578009283
1542209348
1524009007
1533909823
1574009004
1589909309
1547009728
1598409923
1524009848
1598309933
1530809930
1573209984
1582209337
1523409877
1598009494
1527209942
1582309939
1524909077
1538409942
1582309488
1538709933
1588209822
1580809947
1522709942
1570209009
1540809933
1574009090
1530809927
1540909322
1572309244
1504409393
1533809388
1522909090
1588009974
1544009980
1500309339
1544209032
1597009723
1502309903
1503909948
1533409373
1594309227
1574409487
1598209344
1539409330
1528009904
1522309709
1533709084
1523009473
1528309334
1527009409
1587709870
1500709304
1543909928
1542409943
1573009043
1548009404
1577009874
1577209833
1527209499
1598809240
1522409902
1582409978
1593309074
1589909092
1544809874
1580209979
1579409044
1548209909
1578909937
1524409277
1537709799
1578009829
1598809070
1500409200
1529009009
1533709749
1527009297
1504409784
1500709390
1523709922
1580909880
1522809329
1537709429
1593309743
1543709982
1599309479
1539909880
1539209744
1527709423
1588709203
1508009394
1544809334
1547309880
1592009039
1592409877
1542909330
1509909297
1533809409
1549009928
1572309344
1573809930
1548009982
1504709833
1597009488
1588909389
1503009243
1503909799
1532209422
1522909247
1507809989
1522409749
1533809309
1527309044
1578009478
1527209822
1522409024
1538909339
1592009242
1589009773
1580309927
1544809007
1582409778
1570909277
1533709089
1504009097
1534009434
1593009880
1583209987
1582809007
1587709784
1592009090
1523809002
1534009729
1542009293
1509809984
1583909833
1508209700
1507809949
1530209722
1534409248
1580709887
1573309039
1590909978
1522309889
1594309920
1524409230
1533909708
1577409294
1503909338
1594409892
1588409074
1547909924
1500709473
1547009209
1508809804
1502209809
1524009204
1507709747
1539309022
1577809278
1548009732
1528009249
1577209924
1533909399
1520809007
1502009892
1532209294
1504009348
1598009773
1593009748
1527009820
1578809229
1549309939
1537709220
1539809344
1589009788
1522309400
1547809844
1548409972
1599209844
1523809778
1537809947
1599009499
1588909098
1594209229
1523309248
1508009030
1538409989
1598809924
1597309984
1542209788
1598209987
1508309773
1524009980
1594009874
1533709808
1529809433
1544809794
1584409028
1540809443
1578709799
1577909324
1599809980
1597209330
1538409330
1599709338
1592809923
1588409099
1507709340
1527909332
1573309742
1583009982
1522009277
1503409033
1507009483
1582009893
1500309302
1548009308
1532009877
1500309897
1587709900
1543309739
1523009328
1574009344
1527309907
1573009720
1590409399
1503209987
1592209893
1584209902
1582909700
1542009328
1509009342
1583009203
1543309842
1504309987
1592209827
1522809794
1507909200
1522809989
1542809880
1533409702
1542309044
1538809328
1527009494
1533709874
1508809043
1509009497
1579209928
1529409779
1549809930
1520409972
1533209924
1594009709
1544209388
1588009004
1579909797
1520309499
1578009290
1528909904
1579009942
1573709220
1522009780
1507009779
1509909234
1539209288
1584009774
1532209740
1533209893
1549309449
1532709330
1548309799
1598709880
1587809099
1544209740
1597409973
1594009277
1532909984
1530709903
1533709382
1584409792
1500309820
1577409744
1520409442
1532209840
1533409084
1504409082
1573209977
1593309392
1587809330
1500209308
1522309804
1539009230
1542009039
1527709778
1533009302
1580209930
1570809443
1527909934
1588709207
1549909842
1533909904
1509009829
1547809900
1548409220
1572009784
1537009833
1584209948
1528009239
1599309832
1588909438
1578009077
1549009732
1594309339
1577309029
1500909470
1502809442
1584909422
1577909388
1574909887
1599809889
1540709927
1528009797
1523209224
1528809489
1524209988
1599209892
1574409770
1522309377
1599409278
1524409932
1597709037
1530709330
1522809372
1524809983
1588209092
1534809922
1540809003
1594709770
1522009979
1522809330
1597209448
1577009477
1572209004
1583809338
1528009488
1580809228
1588309079
1549009942
1578809732
1582009707
1594409974
1584009393
1503809443
1574209700
1543809980
1542409939
1599209227
1520309002
1579709334
1599209893
1547009083
1583309429
1538809324
1534409073
1500409208
1580409934
1500809002
1508209909
1572409277
1537909889
1522409849
1528409800
1574409732
1544709499
1573709227
1508709770
1534309339
1587709344
1542309002
1578009929
1577409297
1504409027
1547709397
1533209037
1547009703
1587709407
1503809899
1594009072
1520709330
1548209902
1544909924
1539909084
1503009739
1542009798
1522909787
1590209288
1539209800
1588009002
1593009477
1592209283
1549909044
1592009439
1589709924
1528909937
1539809974
1578709974
1530209977
1598309929
1549209887
1547709983
1523709988
1538909800
1577809028
1549009784
1580709477
1590809288
1524709744
1532209897
1577809043
1593009394
1532009789
1532709902
1544209390
1522909832
1533909072
1584409293
1598209983
1590409233
1572709970
1590909939
1570409277
1588909727
1574409038
1599209808
1542009837
1579909293
1574409977
1599709482
1597709442
1502209874
1537709039
1528309233
1533909097
1504409787
1540709938
1544309448
1593009284
1547009877
1530209277
1592009830
1548809900
1573809900
1589809337
1528009024
1522909782
1533809782
1589409778
1547809924
1534709229
1502009024
1544209839
1502209243
1529009329
1532209843
1538809844
1502009309
1522009832
1543009949
1523209288
1577009244
1542709887
1589909788
1588909980
1584309299
1589009029
1599409822
1503209799
1598709774
1549909322
1572209439
1540309989
1537309447
1582209490
1528009377
1570309004
1523009493
1500309799
1543309309
1584809923
1592009004
1538009378
1542409229
1593209974
1522809894
1502709883
1584709988
1597909929
1598809484
1543309403
1579409223
1509409927
1588709299
1537009098
1548409880
1578409449
1548809404
1592309228
1533009439
1522709294
1533709839
1520409947
1502909907
1508809279
1547009302
1524009879
1587009908
1529909392
1532909077
1542209977
1572209702
1522709224
1584009703
1573409822
1538809897
1509909899
1583209772
1507809277
1509309904
1522409299
1539009493
1592309299
1538009397
1534409043
1548009740
1544209040
1542809800
1528409903
1528909908
1588409082
1529809774
1538809347
1522709940
1534209009
1543009787
1584809900
1528009389
1539809833
1577409347
1523909339
1524909388
1589009724
1544009927
1529709799
1548009792
1573009079
1593009497
1582709902
1574009724
1523009377
1572309400
1573809200
1500309004
1588909879
1542209423
1579209773
1507909877
1577809047
1597009227
1504809924
1573309032
1549309902
1529909929
1593009398
1538009007
1593309342
1587709873
1500409877
1577809844
1500309309
1540909700
1548309339
1597309008
1578009908
1538009247
1522909848
1500709774
1582909200
1577209974
1549009320
1542209932
1577009438
1509009387
1597809982
1504209200
1597709248
1504309908
1539309772
1544209420
1587009799
1527009304
1590909778
1599709347
1543009977
1522409422
1522809072
1578809337
1522809839
1587009447
1534409488
1588709708
1549009779
1598009982
1543809773
1503309479
1533909220
1543209884
1508009803
1508009748
1540809977
1522809939
1578309902
1594909488
1597709478
1590309799
1578009402
1543309273
1598809730
1588009393
1598009707
1588309404
1507809922
1508009948
1520909300
1529009229
1529009770
1523009704
1520409337
1509909892
1533709044
1502309744
1523009728
1502309940
1530909929
1532209232
1572209848
1592309200
1548809748
1534009873
1533409943
1599809893
1548809443
1577309492
1599309079
1509809982
1504809442
1598909700
1549009290
1533809488
1573209339
1533209477
1589909703
1509909382
1500709973
1534009904
1537009302
1503409983
1507009329
1532309099
1508809438
1580709889
1597409322
1523409983
1503809944
1502009029
1547709380
1532009703
1502009947
1583309492
1538709488
1523309429
1579009009
1582209447
1548709433
1508909932
1547709004
1577309833
1503309230
1508809428
1549909474
1507009720
1500809980
1539009080
1502309800
1587709033
1583009803
1538009987
1547409488
1509009474
1593209229
1543009779
1507009470
1570409882
1548009780
1529009399
1574309942
1534209844
1543009037
1593209779
1583709330
1544709447
1577409079
1503409388
1529209929
1504009437
1578409947
1543709299
1533809728
1528409922
1533909472
1593009278
1544709927
1509009044
1543309299
1532209249
1570809088
1584209900
1577209824
1534409792
1532709077
1538809989
1592009822
1547809880
1504409887
1538209338
1520909388
1588709488
1534409429
1539009384
1504309088
1543909700
1578009027
1594809920
1542009433
1593009728
1532209702
1572009393
1509409939
1597709434
1507709489
1547909889
1578809379
1542409449
1577309289
1589809970
1522709307
1594909220
1503009293
1532209437
1599209437
1578809437
1520409942
1574009348
1504809228
1503309978
1599809278
1549909003
1547809899
1590209488
1573309973
1522709434
1503009839
1533409228
1504309004
1543809229
1594409332
1509009490
1539309339
1589809499
1534309008
1592909938
1507009287
1583909923
1589209974
1593309340
1540309099
1538309844
1523209330
1597209733
1502009979
1530409339
1583009343
1599709339
1588209283
1597009474
1528909927
1588409729
1599209404
1584309008
1529809973
1594009028
1588009930
1543309020
1523009283
1538909422
1502809338
1547309907
1527309004
1528409833
1598709943
1522009878
1573209220
1590809233
1500409398
1529709744
1583809288
1573009889
1548009248
1543009874
1582209438
1508309902
1589009878
1508909877
1594809923
1538309443
1504409733
1524809022
1578009988
1529809322
1528409440
1597709829
1509709922
1540309300
1573309702
1577209237
1532709978
1543309789
1500309832
1537809980
1528209924
1529009970
1544909732
1532009374
1593209933
1544309740
1548809087
1528809024
1529809300
1588009073
1597809334
1507909980
1537009204
1522809903
1522909330
1599009903
1588009347
1538809073
1589409448
1578009828
1544209389
1500409832
1544909843
1542409884
1592909889
1577309020
1534809488
1529009078
1577909433
1584709983
1509809909
1507709349
1539009940
1599009840
1529209447
1528909223
1588909779
1532009407
1502009349
1577909020
1599209772
1538909982
1500409740
1528009428
1544009939
1543409923
1599709933
1538409909
1520209979
1588009308
1527409388
1573309330
1577009282
1548909938
1509209288
1540909377
1583709902
1533709209
1584009023
1572009323
1583709989
1584809907
1598409909
1539709938
1598009928
1579009242
1504709883
1537009229
1544309223
1598809884
1534409230
1527709700
1549909934
1579009937
1537709929
1577209384
1502909488
1509009040
1528709932
1587709387
1539409244
1547209974
1599409907
1534809923
1523309433
1500409229
1578809904
1577209042
1549209978
1540409044
1523809902
1578809403
1533809040
1539909922
1500209843
1533909002
1574409823
1577309809
1594409773
1598809844
1533909887
1504309938
1534209099
1547209077
1524409033
1522009030
1509809733
1530409924
1533209224
1588309483
1588909930
1573309978
1527709983
1542809009
1534209334
1533709730
1507009083
1533009230
1572209700
1524909400
1540409773
1542809700
1590309970
1577809987
1533709739
1577409988
1534009742
1543309839
1533209274
1548009280
1533409307
1544909330
1582009343
1594009430
1589909008
1502709902
1507709984
1502409882
1573809338
1504909022
1573209377
1529909932
1599709327
1592209088
1524409740
1584909433
1544709700
1587909422
1589009939
1533009023
1504209002
1504209989
1584209022
1507009929
1593309943
1593309343
1572809004
1504809940
1539909802
1598309299
1574009482
1543009232
1523409920
1503009937
1572009422
1584309949
1538309377
1532709987
1522809734
1589409909
1597309288
1583309422
1599009470
1530709233
1594209922
1580709977
1572709227
1500809982
1537009742
1570809939
1508009287
1593009443
1590309940
1509209934
1599309204
1538709448
1587209770
1547209844
1548009477
1532809399
1579709930
1579309973
1583009983
1502409334
1539909323
1504409828
1549709244
1579909088
1599209423
1539309904
1503009407
1544009200
1528009902
1533009003
1547909933
1587309822
1522909370
1582809887
1577309734
1522709378
1570209902
1523009204
1572409988
1574209979
1598909882
1544709989
1549009400
1524409724
1592209327
1533809274
1539909420
1523009702
1533709748
1532209809
1583809377
1500409897
1580909224
1529009289
1587709980
1588409900
1524409293
1522009374
1538009089
1574409749
1573309470
1532809883
1584409247
1524009298
1500209292
1549209044
1579809003
1584409384
1544709898
1577309934
1584309927
1594809722
1533709099
1508709924
1549009800
1574409323
1597709324
1577409273
1579909370
1590209938
1504709099
1589409979
1544309072
1582709388
1542209237
1580309443
1577809388
1504409093
1594909227
1502209024
1570909939
1594009480
1529309337
1538809343
1590309899
1502009043
1543309492
1520409377
1573409882
1508009820
1509909209
1587409220
1548909923
1527409399
1594009937
1579909049
1593909400
1507009074
1500209387
1509209922
1573209008
1579909474
1502209402
1509809399
1540309909
1599409820
1588409207
1500209729
1593409844
1537709743
1522009389
1588409420
1544309470
1533409499
1582309022
1539009933
1578809882
1522809808
1504809948
1533809332
1589909200
1522309893
1540409987
1584709300
1533909774
1527209900
1542409244
1578809738
1588409374
1577909042
1574209774
1534409943
1522809908
1544809443
1544009887
1500909788
1548809899
1549709077
1543809488
1534009307
1592009773
1529809733
1520309733
1549009897
1577809803
1522709983
1592409930
1502209238
1504009227
1574209908
1584409848
1584409773
1533409838
1594409229
1500309043
1599809299
1509209300
1577009892
1527809004
1597709938
1534009790
1533709909
1572009739
1544209883
1542209804
1547909989
1507009343
1582809778
1588709944
1502209439
1597409788
1590309499
1549009743
1548409902
1532809772
1537209974
1543809799
1532009284
1577909323
1582009379
1507009380
1573709448
1588009432
1587709398
1577209270
1578809987
1508809744
1534909770
1578009009
1509709772
1599809902
1548009890
1503409883
1580809778
1592009432
1599009377
1579909772
1507009234
1500809497
1583209733
1587709427
1504409308
1597209920
1578209932
1577309973
1549409288
1539009092
1589209449
1597709702
1549709930
1594009707
1533909927
1548909447
1537009428
1522909283
1542809844
1508009798
1529309933
1538909877
1538309908
1539009807
1500409349
1538009082
1588309340
1509209334
1598709007
1520709909
1538309002
1520909044
1593309742
1503409344
1504409098
1523309828
1592909299
1508009830
1572709944
1500309848
1523309370
1598909447
1582209783
1522409792
1580809003
1500209702
1500809984
1530409300
1532009338
1570709228
1582709880
1583309098
1598209322
1507709889
1523809224
1508209934
1528909229
1599309837
1503309330
1532209388
1578409880
1587009900
1524709779
1537809903
1544009294
1594909970
1583009090
1578809799
1508409989
1593309793
1573309743
1587009432
1504009772
1592209004
1574409270
1588709209
1572209487
1507009944
1579709922
1503209924
1599409342
1537009389
1544809292
1548709077
1577309383
1543409227
1574009907
1530809477
1539909780
1504409892
1599309247
1593409907
1542409003
1507009872
1529309400
1538009449
1508809340
1533909320
1522709742
1538009883
1500709433
1599709204
1573009427
1548209334
1508009494
1523709007
1533909082
1503909974
1523909937
1549009423
1577909843
1529309334
1522709937
1507709834
1548809287
1522709704
1500209080
1580809904
1598009284
1509009078
1532709979
1504409723
1504909882
1598009389
1534309448
1520209334
1539709733
1538809732
1507709078
1592209003
1592409288
1500209970
1572909772
1548009488
1534409327
1594209799
1599809720
1549209442
1522709293
1542409923
1579709339
1583009939
1577409040
1527009040
1508009807
1528809744
1587009784
1542309923
1544809298
1529009434
1579909802
1520409929
1508309077
1572809930
1587809377
1599409883
1522409839
1549009249
1544309388
1549309887
1504009989
1502009949
1579909984
1587409944
1520809903
1599409429
1594309388
1500309830
1503009030
1529709449
1542909220
1522809279
1533409030
1542209328
1528009939
1578009872
1599309407
1547809984
1547709270
1583009902
1524809077
1508409004
1573309880
1520209939
1579909449
1527009238
1582009008
1583009738
1574309288
1584909923
1549809929
1597009302
1504309939
1522809434
1594409834
1527709434
1532009324
1532009244
1583309024
1529009334
1549009048
1588409839
1592809022
1528809272
1500909280
1593709900
1523809499
1509009437
1529009874
1580909884
1577209202
1573309439
1592709442
1507909940
1587709204
1533009492
1587909883
1587009493
1527909002
1584209880
1503409099
1599009474
1504409728
1578809298
1533809288
1504909937
1547009327
1538309974
1539209924
1537209499
1542909972
1579009234
1538009870
1508709939
1544209492
1537809009
1574309907
1508709002
1598009428
1539009780
1523309499
1584009379
1590309982
1543809934
1540809008
1524009238
1500709324
1588009320
1592009277
1544709492
1588909873
1587209228
1598009383
1593709949
1588309247
1599409749
1547209388
1587909889
1599009087
1572009274
1537009084
1539309733
1539009274
1503209044
1524709974
1503309422
1577909727
1547909223
1580909077
1537709007
1589909923
1544809393
1542209908
1538009472
1592309900
1529809882
1592209493
1588409808
1540209447
1599809748
1592809433
1538009793
1529009409
1543009933
1503309948
1500809322
1537709930
1533909277
1577309207
1508809794
1532409937
1533809408
1508809449
1574809887
1524409037
1509209088
1503409907
1533009088
1599809747
1572209788
1574009373
1527409982
1573009282
1503009988
1502209002
1543709937
1524309002
1503209903
1509809882
1539009228
1597009923
1534409873
1593009982
1503009778
1587709323
1524809779
1529309947
1594309443
1539009270
1530409800
1502409923
1523309784
1574809008
1527309448
1542009392
1543909388
1548409008
1588309383
1593409973
1524909004
1589009072
1529709337
1502909973
1599309724
1522909434
1598409884
1577209020
1507209338
1507909220
1572809300
1570209338
1593709499
1548709882
1538709972
1577309497
1574909904
1529909324
1597009400
1542809422
1540309903
1507709290
1533809298
1528809087
1508209948
1533409224
1573809984
1598809902
1549209880
1533409802
1593709947
1500209978
1599409202
1533409840
1588409282
1584009072
1589209877
1507709840
1599309872
1524009392
1533809023
1578409877
1549409924
1547809332
1587009848
1522309870
1594009923
1589009984
1578209937
1500309298
1549709900
1502809299
1543709337
1589909038
1574709902
1589309908
1522909908
1503409974
1570809322
1584409798
1530309900
1500909942
1577409770
1580709744
1582009848
1577809944
1544009287
1590809929
1582009809
1540709923
1534809433
1522909728
1534409244
1538209900
1507909938
1582009928
1593709009
1544309732
1502809477
1533409700
1594409032
1598409330
1587309788
1592009028
1523909477
1500209898
1507409778
1503909880
1592409223
1549309088
1533909827
1583909003
1530309007
1534409338
1594009903
1572009488
1500709240
1588309009
1509909824
1538009344
1524209980
1599809437
1572309929
1582209934
1543909009
1597009403
1583809722
1539009042
1542309949
1593009407
1584709499
1540209974
1599009839
1507409970
1500709042
1597409334
1592809499
1527409973
1509009479
1507709382
1549209773
1593209499
1528409940
1543709377
1504409307
1507709409
1599409928
1522809029
1590709332
1589009793
1587709989
1533709420
1540709003
1574409420
1522409473
1549009483
1572909972
1548809020
1592009949
1588709243
1509909884
1532009497
1572009929
1549909480
1524409834
1589009429
1534409707
1523009099
1547809488
1500309374
1527909300
1573209880
1589309229
1533009487
1538809049
1537709320
1528009724
1524709224
1598409224
1572209784
1534409294
1572409942
1507809933
1593809004
1538009302
1528809970
1522409747
1599709738
1507409923
1548209989
1588209072
1597709739
1544209877
1548909227
1592809388
1589709907
1503309883
1503009870
1588409897
1532909772
1542709488
1538909928
1598709788
1540809339
1599409390
1527009440
1508409339
1500709249
1577809227
1538809320
1527009773
1579009403
1524209902
1584709883
1529409989
1500709294
1592209724
1570409223
1582409400
1500409087
1543309373
1572209339
1589709300
1578009208
1577009020
1547009474
1543709488
1530909933
1522809038
1548209007
1598009373
1523709908
1598809822
1582209494
1584209224
1538009383
1539909729
1507009982
1504309970
1529209979
1538009030
1590709288
1533409040
1522909340
1508409779
1508809378
1597709897
1528209744
1583809987
1524309947
1577309228
1539709889
1578809399
1538009898
1522409003
1578009987
1578909770
1588409733
1579909433
1533409389
1503909979
1544909292
1592009447
1593809944
1549409299
1509909287
1572309277
1582009480
1527309299
1574909477
1592009098
1522709979
1523909337
1503709799
1589009407
1587009703
1522909977
1549909908
1570909924
1592209449
1548009207
1528809879
1532209400
1537809970
1598009040
1589409447
1583909989
1598809084
1544809970
1537209979
1594409488
1543809907
1500209492
1582209937
1533409422
1584909044
1540409979
1587709484
1523909933
1597009779
1544909082
1523209433
1579409988
1588409832
1534309920
1572209988
1522409290
1594709979
1527409978
1508709377
1583209974
1547709893
1592309022
1549809448
1549709884
1538709788
1599709744
1588909973
1543709227
1529809422
1500909242
1589809220
1532009277
1527009938
1528709448
1528309700
1593809844
1549009348
1527909989
1570309949
1582009790
1507009330
1503809007
1582709920
1539709330
1533009240
1543909332
1539909309
1528009932
1543409883
1539709923
1522309747
1504409077
1539909227
1579309988
1528309973
1548009223
1504209844
1583209334
1579009330
1509409938
1587209979
1503309372
1592009988
1500709330
1577009798
1588309732
1549909438
1547409920
1599309890
1598209932
1543909903
1587009899
1592009327
1537309443
1538209223
1599209277
1592709322
1588309209
1542209089
1542009024
1579809002
1542009238
1582409924
1587209788
1582009779
1547009248
1530909288
1572409844
1537009224
1579909098
1537709899
1544309407
1509309339
1544709040
1508009024
1539709833
1547009388
1543309798
1579209044
1500809779
1573009749
1573009820
1522809233
1584409434
1522809083
1529909389
1577809297
1508009230
1522409470
1549409983
1538809738
1532209239
1598709338
1532709922
1504409049
1503009774
1500309498
1524809220
1523009470
1507409044
1583309278
1530709099
1594009380
1599209882
1523409903
1533909944
1533009988
1583709882
1508009493
1534009804
1579809880
1584909388
1592709943
1594009303
1500709244
1597409227
1547909929
1582009944
1509309233
1572009288
1537009743
1590909344
1592009084
1572409003
1540209088
1598409229
1533009007
1509909989
1538909330
1509209908
1508809322
1577009089
1598809894
1542209388
1538009047
1599709020
1587009739
1548009742
1533009837
1528809230
1597009972
1577009274
1589209949
1520809948
1570709400
1530309922
1583909733
1570909233
1594209924
1574909989
1508409008
1587009320
1579909023
1574409938
1599209489
1573009842
1540709233
1527009499
1522809432
1502209202
1533909434
1540809400
1582209028
1599209984
1542409929
1537709720
1593909377
1543209972
1529909402
1543909908
1528009784
1578709022
1522809384
1574009243
1538009907
1522909773
1527709042
1572309788
1503809877
1548009739
1597909877
1580809927
1592209030
1598009492
1500809028
1593009277
1587009934
1578409980
1578009838
1597909880
1573209923
1588709234
1524409479
1523009380
1599709980
1537709378
1534709233
1589709909
1523009839
1537709490
1528009473
1509009093
1532009977
1584909920
1544809940
1594309778
1594309930
1502709200
1538809330
1598809980
1543209772
1593809277
1543309429
1592309400
1503709989
1577909793
1523309982
1588309830
1599309233
1549309982
1500209223
1594809972
1544709028
1507009084
1540409744
1504009723
1529409924
1502009003
1507209900
1588709803
1577909903
1504409423
1577409378
1592809844
1547809982
1532709877
1584409284
1574909227
1532909332
1524709004
1589309932
1509409442
1539009490
1524009033
1527009032
1537809883
1599409204
1579909008
1534409234
1542709942
1579909709
1599309347
1547909944
1597709882
1577309743
1500409772
1539309422
1597709202
1533209394
1524909334
1543309970
1594009977
1589009272
1509809440
1530409499
1529409887
1500409930
1544309883
1524309300
1584909988
1587909900
1574209924
1523809228
1508709833
1507809022
1583709924
1570909224
1579909704
1589009284
1539809980
1577809448
1544709878
1547909477
1527409448
1527809228
1538209944
1538809979
1589009024
1599309088
1543209224
1589909497
1537209449
1584009282
1540909922
1547709382
1500809037
1527209442
1577209242
1583309472
1549909478
1520409788
1500809040
1532209984
1599009778
1522809944
1500209499
1539009898
1503809244
1532709229
1543009877
1538209099
1592209927
1594409347
1573209779
1583209899
1549709772
1579709988
1539809924
1502209373
1532709299
1579309002
1522009808
1520709922
1533009009
1508809349
1593809449
1500709208
1588209847
1590209947
1599309420
1584809400
1538709233
1508009770
1543309744
1503009099
1573009240
1532009428
1509409422
1539909722
1592209988
1572209073
1502209294
1598009882
1594009420
1533809874
1579009707
1547709293
1579309982
1598809407
1578209488
1574409772
1589009900
1523909223
1509809924
1583309470
1532709773
1533409380
1522909802
1540709299
1583309033
1574809772
1534409492
1539209003
1590309009
1532909978
1594209433
1578809389
1544309340
1527009209
1500209878
1508209488
1534009478
1570909722
1529809488
1578009878
1548709933
1589209779
1533209392
1520309844
1583009900
1597809044
1593909904
1532409978
1509909432
1573909799
1523009049
1507909099
1502709948
1532209937
1504909980
1582009023
1582009422
1532809880
1544309702
1508209982
1542009929
1592209028
1544809770
1529009829
1523309972
1544909900
1592309044
1529709200
1582209788
1574409247
1573309290
1580309448
1544309290
1528909844
1502209038
1528009989
1504009487
1578009482
1598909007
1577309290
1507309299
1599409324
1584009800
1530309722
1579009832
1544309809
1529909989
1599809774
1578009427
1534209200
1527009294
1529009440
1574209903
1572009449
1599309799
1584709984
1543809909
1548809224
1599009884
1527709388
1522709794
1572209433
1528209233
1589009808
1583409339
1588909723
1504009427
1587009897
1502209490
1578209978
1532309299
1589009848
1500209323
1587909928
1522909307
1502309877
1500409330
1579709003
1533209029
1599409322
1509409930
1588309944
1509009727
1580309477
1533409078
1500709272
1524809388
1543709984
1599309830
1540209722
1529709942
1577909342
1548209337
1548409299
1587009394
1593309780
1578909844
1500409942
1597409288
1599809977
1577909773
1522309093
1573409443
1533909908
1502909449
1534409288
1590409774
1528209799
1503309007
1598409973
1577409720
1594209008
1597709207
1543209988
1543009837
1580409779
1523909938
1503909928
1530409983
1544909938
1583009788
1502409927
1534309973
1522909047
1507009089
1597009787
1500909792
1529909729
1592709774
1582409902
1599309328
1524909733
1583309474
1527009299
1592409939
1533909892
1587709270
1598809944
1597009079
1593709948
1580909772
1537409970
1594409887
1583209982
1529909783
1508809334
1522409733
1542409922
1577809472
1500709349
1597409947
1538009270
1529009727
1577009443
1587209887
1509709938
1520709932
1503309347
1589009027
1539909920
1544709934
1529309980
1549909938
1570309927
1589209982
1582809332
1578809080
1547909009
1508409227
1504909773
1578409884
1544709392
1580309499
1509209800
1544809433
1533209478
1530309322
1574009039
1500809238
1538009223
1544709082
1578309332
1582409788
1570309449
1533009403
1588909294
1540409003
1537009729
1582809337
1543809979
1504209924
1504909200
1599409470
1533409278
1543209337
1582409972
1523409900
1579209022
1543209322
1582009804
1582709934
1598309449
1542709344
1588009070
1507709088
1577909730
1547009204
1538709077
1597009247
1598009839
1590809399
1582309908
1587909330
1544909274
1504409483
1544009970
1594409078
1592209282
1577409480
1534809949
1528809028
1500809849
1589909843
1588409209
1588209029
1592009429
1503309870
1542209987
1578809084
1509909302
1574809844
1507709878
1590709920
1584409073
1538209377
1572209707
1544909987
1597909332
1527009270
1573009932
1573009342
1573309847
1572009342
1589909080
1577009430
1533009432
1592009843
1579209004
1502209040
1500709889
1508009004
1503909044
1538709388
1594409297
1547909980
1528909233
1528809249
1543009792
1597709093
1594409484
1537809977
1589409889
1578809040
1582309800
1500709394
1588209783
1592009738
1539309932
1594309934
1590309788
1502709977
1549809943
1543309880
1599809324
1573309208
1544209489
1537709079
1520209022
1530409330
1597809004
1530409932
1584009327
1578309337
1589009874
1504909400
1549909370
1579909472
1598809430
1574909988
1582309772
1588909027
1573309987
1524909344
1529909373
1533409822
1597009330
1500209227
1544709897
1542809887
1599409309
1503209099
1539409733
1507309984
1593809244
1533009909
1522709728
1547709297
1542209283
1584409272
1507009988
1523309707
1587309949
1548809880
1588209948
1538409889
1533009792
1572009099
1597709849
1502009048
1504409792
1588909327
1599309972
1509909084
1577909079
1543209400
1523309703
1594709774
1528009094
1522809847
1582209282
1589309788
1592009433
1500309907
1540309200
1549909432
1504009237
1588409938
1508809742
1578009073
1500409484
1542309978
1528209938
1579909872
1528909422
1542809300
1529009032
1544309292
1542209428
1599409782
1583709099
1589709003
1579909002
1532809988
1574009034
1587009242
1572209344
1592209778
1547009040
1582209897
1579809244
1549909899
1599209022
1542209900
1522009029
1500309348
1549709499
1572309433
1528409442
1503709288
1542709940
1599809334
1532009483
1548009090
1522309272
1503909008
1529909923
1503009087
1548909934
1573309780
1507009449
1542209098
1507209909
1522309928
1590309800
1542209973
1582009802
1597709007
1588409387
1529909282
1599009032
1530909022
1508809924
1549909797
1533809327
1597209979
1507709370
1589409799
1589009778
1577809490
1537009374
1502909987
1584809449
1533209402
1579409937
1592809277
1533409424
1534009879
1594409497
1598809202
1587009933
1533209223
1540809974
1528009738
1590809948
1587009732
1594409902
1597709402
1524409088
1579709799
1597709872
1528209929
1503209344
1577909300
1508909399
1573009878
1538809298
1594409848
1582009248
1588709834
1592009009
1578309982
1573009379
1594409290
1504409047
1582209389
1540809900
1589809722
1527209044
1582209729
1572009237
1547809978
1577009902
1599009927
1547009984
1520709884
1588409228
1543309090
1548409443
1524309929
1573009703
1574809980
1592009292
1503309298
1597709323
1534309877
1582209040
1539009972
1544809897
1534009948
1532909388
1523009729
1538209774
1532809978
1578909973
1572909007
1579209778
1538309933
1579909073
1588709797
1578409942
1543709770
1597909799
1537009800
1532309889
1583809989
1590909924
1500809392
1594309344
1543009334
1543409987
1500409048
1577809293
1582409944
1594909022
1534309822
1588909738
1544309098
1578009049
1587709908
1589009292
1577009379
1549009370
1539009300
1584709009
1583409440
1539309722
1593909970
1503809937
1544309003
1502309700
1530409443
1522909323
1597709030
1539309009
1549809088
1542209443
1539909043
1534409420
1523309293
1572909933
1582709979
1578009729
1583309732
1533409343
1593409322
1583209244
1543309483
1588009374
1542309989
1529209930
1523209003
1527709743
1503009704
1574209244
1548809377
1590909944
1503909903
1529809900
1588209870
1592709733
1590809882
1570409900
1547009908
1570909200
1572009482
1527009220
1540709930
1528209933
1549909379
1593709908
1520209339
1578709477
1532009379
1533809898
1504309700
1570909989
1548009293
1503309794
1527709090
1582809930
1509409907
1543009378
1549909297
1584909722
1598009893
1544209373
1523709344
1597909937
1544909799
1544209443
1549009948
1599209442
1529809377
1589009382
1507809800
1582709499
1573709882
1539009243
1578809297
1572009048
1530409929
1574309433
1582309974
1522309787
1548809429
1577009037
1592009280
1588709227
1538009379
1577409022
1547009043
1533709930
1599809434
1598709947
1524409243
1533709943
1528909338
1587909200
1507009804
1589909702
1533909470
1549409337
1573809422
1588709279
1582309774
1542909900
1533209839
1589809233
1539209970
1504909822
1583009384
1572309440
1524709400
1509009420
1579009739
1529709949
1578809727
1544809977
1548009032
1542909447
1578009832
1544709099
1583909922
1599709894
1574309822
1588409788
1592009380
1577809309
1527909007
1574809007
1599709842
1593209978
1548909989
1534909800
1527209884
1502209003
1542009802
1573709989
1572209438
1529009384
1502709399
1599209774
1597709438
1508809492
1592209348
1502009732
1598009393
1507809220
1578009397
1504909929
1509909822
1583909932
1588009804
1500809797
1502209378
1598709003
1537009728
1543009828
1509309288
1532209442
1578809383
1524409439
1524409937
1582209442
1599209387
1500809279
1500909970
1544309737
1520409002
1537709049
1544809947
1572909229
1522409002
1590809932
1509209322
1584009372
1543909988
1579309887
1500809397
1533209442
1572209732
1574409049
1539809337
1579909422
1588409482
1542909939
1583209989
1578409224
1578809407
1574009480
1549909778
1543909930
1500409947
1588309932
1502809944
1594409922
1584409470
1523309742
1583009707
1548909949
1598009828
1577309889
1523309748
1523809277
1538009889
1594009407
1583309029
1544309434
1573009478
1579409443
1534009703
1582209973
1540409928
1504009940
1598809749
1583809339
1503309900
1502309223
1590709902
1577809497
1523009489
1533909722
1599709244
1523009827
1582209933
1500309280
1532709929
1598009923
1548209229
1533009249
1583009349
1537809799
1534809822
1524409927
1582209032
1527709342
1502009809
1542009883
1500809337
1578409800
1502909774
1523009094
1592009974
1574709224
1538209339
1544009802
1503409477
1543009970
1594009099
1508009282
1523009437
1537009070
1502009042
1549009043
1533709344
1574209940
1528909722
1530809949
1594909277
1590209902
1593309370
1538709939
1508909970
1524409229
1532009300
1597909933
1528809092
1543009707
1578309947
1584809889
1544009784
1533209339
1538809334
1508309930
1588709778
1548809034
1522309843
1502409904
1529309983
1509809077
1509909873
1593809833
1578009708
1528009242
1538809044
1582209770
1528409229
1523309932
1543409899
1508709983
1599409044
1549009244
1584409883
1593709774
1523309303
1538809378
1522709200
1502009072
1502709338
1588709390
1548809478
1532309003
1540309334
1597909442
1580309300
1540809932
1503009700
1532009942
1598209009
1539909489
1547809908
1548809493
1599309974
1528809242
1547709008
1579409933
1574409389
1572309449
1572009708
1577809744
1544809434
1593909883
1592209849
1520409883
1538009284
1594009809
1594009890
1503709932
1544309938
1577009280
1508009207
1588909043
1528809798
1573409989
1542209899
1520409922
1509409447
1500409339
1599809848
1500909080
1502009300
1537709239
1529009839
1524009798
1589909298
1533909023
1543409884
1503009420
1590809942
1522409297
1540409449
1599809330
1502209278
1589709224
1529709788
1548409227
1530909932
1547309980
1548009448
1543309430
1594009048
1529009723
1529009832
1594009729
1539709377
1598809404
1523009042
1589409902
1587009298
1583309790
1522909424
1502309889
1543309390
1532209828
1522409873
1544209270
1573309328
1538709940
1533009902
1583409932
1598309009
1547709989
1539909270
1544709797
1579009034
1502909322
1539009477
1537309733
1589009239
1528909224
1524909844
1522709343
1542809779
1587809977
1584009492
1502009702
1549309880
1598309877
1549409922
1592009403
1599709488
1594409970
1533409033
1583309203
1584909344
1598209447
1572209080
1579909430
1523809200
1544809323
1577909492
1504009029
1547309447
1599809787
1500309904
1522309977
1547209733
1534409370
1582709833
1542209722
1577009834
1532009042
1500409042
1530409227
1594009044
1539409447
1529009748
1509009984
1508909900
1507709300
1582009039
1533909829
1502409044
1574409099
1529909433
1540409377
1579309902
1532709388
1533009348
1572409889
1599309749
1509909237
1573309038
1532309499
1577809488
1584409487
1584009848
1529309448
1584909447
1509009977
1500409422
1582209033
1528309744
1599309873
1500709274
1579909877
1543209744
1522309042
1598909973
1502809774
1579709899
1547309909
1524009790
1532909400
1527709030
1507409899
1507409988
1588009809
1588209837
1533209387
1577009277
1577809373
1503309949
1572009287
1542909949
1548309344
1549209772
1500909887
1590309223
1597709900
1504009289
1502409822
1529009880
1537709437
1572409233
1533809897
1574709947
1579809229
1549009334
1527709904
1508809247
1508309922
1583409488
1594409780
1583709944
1533409482
1589409822
1587309733
1577309232
1537209949
1573009887
1590209988
1543409928
1579809744
1544209789
1597409974
1523009832
1532009029
1597809007
1597909233
1524009740
1578809047
1500409049
1597309003
1538809728
1509909328
1522009983
1532209004
1500909337
1504809088
1542209799
1584909909
1509009833
1548809388
1532209889
1508009924
1599009094
1549909042
1589909840
1577209892
1593309349
1524209908
1549709902
1599709004
1588409940
1580209942
1509909082
1532009838
1578009847
1502709904
1524009982
1577209394
1593409778
1572409822
1599209922
1587309447
1589309880
1549909979
1578809834
1572909983
1533209907
1589809433
1528409300
1599309932
1578809789
1548009020
1548809773
1570809700
1592009409
1538809877
1523709884
1539009449
1582009238
1539909424
1522309493
1523309049
1593309738
1504009474
1570309778
1599809037
1543209277
1588009298
1549009979
1539909794
1599709308
1522309223
1578009820
1547009483
1578909939
1507709447
1589409088
1574309924
1578009887
1522809229
1582209800
1582209289
1533709484
1533009742
1599409844
1580209778
1528809398
1577209398
1544909308
1584409432
1537009970
1503309327
1530909477
1579209088
1549809909
1543309748
1588309384
1578809832
1573909003
1522809977
1522409289
1509009374
1538309987
1592909983
1524009223
1570209979
1549009782
1524409398
1500209278
1543409337
1529009397
1533709898
1573809099
1583809899
1504009983
1502709772
1500809472
1582009203
1503709700
1507309778
1583009379
1507009842
1544309984
1528809983
1508309433
1507709002
1588209082
1507709738
1579009902
1544909344
1507409099
1584209744
1592209302
1534409432
1578009232
1599809494
1520309488
1599309900
1544809322
1597909339
1587309044
1588009480
1537709020
1522809742
1544209289
1574709933
1508309778
1538009088
1589009349
1529709929
1528009734
1534009780
1580909923
1500909949
1500309289
1534009242
1584209007
1599409908
1577209788
1590309244
1593009093
1597009492
1578809374
1503709920
1599709782
1578809378
1584909799
1523909883
1544209092
1592009834
1599209823
1503709722
1548409442
1548909972
1588409772
1587009737
1573009980
1584409980
1587009329
1543309288
1528709922
1507009223
1528209902
1570409774
1537809902
1548909488
1587709799
1522009440
1528009893
1584409479
1523309373
1598309909
1507009328
1530209788
1599209830
1547009787
1579209288
1588409239
1584409234
1539909092
1598809427
1522809443
1599309428
1533209800
1547809972
1532209477
1530909948
1527709284
1503809744
1580809244
1533009044
1509309822
1549209904
1544809202
1549709887
1527009899
1578209700
1522009220
1574409393
1543909448
1542209902
1539909237
1528809892
1540709973
1574409429
1528009332
1539409499
1533409329
1544009793
1544709887
1599809772
1574309377
1597909288
1570309987
1530809433
1598809890
1549809939
1594409842
1594909800
1528309338
1524209909
1577209882
1537009008
1578809280
1599009448
1530909003
1502009473
1580309977
1533709322
1572409007
1577309933
1587709428
1583309739
1577009408
1574409240
1543309348
1532409002
1532209434
1549209884
1578709788
1599709934
1597009283
1542009022
1540209772
1589009780
1524209973
1594009727
1588009080
1582009428
1570209970
1539909039
1542209380
1502209289
1544709298
1523009028
1538809244
1587009342
1588909487
1532209390
1529909849
1524409077
1532009077
1544309484
1577309008
1544209294
1592009722
1543009228
1573309078
1582009878
1573009380
1547709780
1542809984
1539709007
1532209043
1577209923
1537709322
1587009849
1592809883
1522709824
1584809974
1587709237
1573009370
1507009799
1533409322
1589809448
1503009274
1599209300
1549909384
1544209932
1524209433
1538709932
1574909330
1528809338
1534209884
1589009377
1533209329
1583309428
1588009409
1503009782
1580909778
1504209337
1528809884
1548909400
1539309984
1502809907
1577809794
1539909832
1543009440
1572309942
1528809738
1522709347
1500409327
1572409899
1572209402
1524009799
1598809943
1579309800
1503909009
1597309773
1590209322
1599409904
1533209238
1500809247
1572709228
1597209933
1520709224
1573009482
1502409778
1502209409
1583209970
1583809902
1532409332
1580809903
1523209200
1577909489
1523209334
1529909802
1524009909
1570809779
1534409709
1523709477
1544809070
1584009237
1532209423
1508709228
1589709904
1572209048
1540909440
1597909788
1548009782
1543809778
1549809022
1592709004
1548809097
1579309889
1508009970
1522709279
1549709929
1508009978
1572709330
1588309390
1589709088
1572209372
1597009084
1579909339
1502209027
1509209844
1537909880
1504009948
1503009923
1587709280
1588709249
1548309009
1500809929
1503809339
1542209704
1577409438
1594009733
1502009948
1544909734
1544909342
1572409984
1543209004
1578909744
1544209704
1524909399
1580409884
1583409388
1527009833
1542909337
1579909383
1588709937
1524909003
1593909200
1584409349
1592909443
1509209332
1533809799
1578209399
1533909433
1502209400
1520909988
1544909289
1577409037
1580809334
1522409709
1544309027
1589209904
1544209930
1597709889
1580409299
1503409322
1527209877
1549809377
1529009940
1579909233
1502209029
1522809200
1584409227
1578409938
1549709008
1583909099
1573409920
1547909007
1573309009
1522809277
1529909902
1584009987
1577209940
1508009470
1588009808
1589809943
1589009009
1537409822
1570909977
1582009002
1504409922
1573009292
1500209328
1542209438
1529409933
1579009490
1528809278
1587009889
1502209090
1500709904
1542809909
1537309943
1507209920
1527709489
1549809977
1542009803
1572009090
1587709224
1594209844
1588909288
1590809722
1529009800
1538409223
1584709299
1549009480
1503309877
1529009008
1582209072
1524009823
1549909083
1507709232
1527709897
1539009229
1598409733
1597709880
1509009423
1549309983
1544209889
1502209732
1582409330
1548809939
1509909427
1508809433
1597009389
1530909949
1570709972
1547009904
1537809033
1587709304
1584909882
1578009087
1599009407
1577209928
1589209770
1532309988
1549709700
1522709882
1537709704
1579909892
1542709332
1588009377
1500409948
1527709408
1589909797
1599309308
1500309070
1537709889
1582009374
1597009047
1502209872
1522409280
1527709498
1573709033
1522009422
1534409004
1573309837
1574009380
1579409972
1592209099
1589409022
1500309943
1574909449
1584009720
1507409227
1504009347
1570909928
1548009908
1573409099
1588909332
1584009447
1582009988
1588309030
1524409802
1504709927
1533209047
1592309004
1584009793
1583309447
1578809899
1503309243
1520809900
1580309277
1582709884
1590409929
1598809708
1508709987
1542309300
1533409904
1532209048
1527209984
1533009703
1523009288
1579909220
1509009340
1508009337
1579009920
1549809920
1504409823
1533709787
1522009438
1547409970
1520209002
1594209933
1582209978
1574009274
1534309277
1520809822
1500209398
1594409223
1548809272
1533009223
1584009920
1582909930
1542209337
1584409407
1584709223
1589709944
1533709902
1598309799
1548009899
1523209008
1537009003
1599009048
1593309298
1548809007
1549409982
1544309283
1570209779
1549009347
1508309883
1548809027
1592909943
1588209799
1523009734
1579009792
1509909890
1572309972
1503709922
1547709783
1522009778
1530209344
1582809449
1572009890
1578809774
1509409772
1539309882
1528709978
1542209027
1599809488
1532809923
1507709702
1522709748
1539909470
1509709227
1593409007
1589009329
1549009037
1533909800
1578009394
1522009390
1589009794
1598909930
1503009227
1584409040
1524409043
1502409877
1527209927
1582009040
1500809377
1577309479
1520409973
1537709904
1587209942
1594309880
1500709707
1542009082
1588409728
1579009340
1592809244
1549009497
1588909903
1599009803
1508909377
1579809220
1599309893
1538909923
1574009739
1543709822
1542409882
1503909722
1523209887
1577009882
1588309877
1580809984
1592009737
1503009478
1533709942
1522309228
1582909788
1508409433
1574409334
1542009449
1523309827
1539809977
1582309277
1509009294
1538309447
1523009007
1572009829
1592009293
1503709733
1582009392
1509009402
1532009724
1573009874
1530909978
1504209938
1509209722
1522409937
1599209929
1583009977
1537209924
1543009870
1544909482
1527909924
1547709934
1593009240
1588309408
1500809909
1508809822
1539009233
1578909903
1549009278
1537709882
1533809894
1570909972
1548909947
1527009084
1500909427
1522709880
1599309702
1584709930
1570809400
1594409723
1507709707
1509009372
1509809443
1588409273
1533009282
1578809409
1547009778
1590709989
1524909944
1540309970
1547209934
1548409433
1588709837
1599309242
1524309942
1540809440
1508709974
1523209884
1573309722
1538209334
1548809044
1539909208
1547009073
1530209939
1523309788
1598009988
1579909739
1528809049
1593209774
1544309477
1544709497
1508709449
1579709903
1599809420
1594009090
1547709778
1570909007
1500809242
1594409730
1589909824
1523009020
1544709300
1542209929
1523009004
1547709802
1587209949
1588409907
1534909233
1508909499
1500209030
1588409797
1522909783
1547809299
1572009873
1577409792
1529909877
1503709344
1503909003
1500309338
1504309979
1578009938
1543309229
1544009978
1594809447
1544709308
1587409044
1588709984
1522009493
1503209288
1582009722
1599709872
1522709448
1594009738
1549909270
1573909904
1583709940
1522409708
1504409770
1589009002
1532009232
1508709774
1524009739
1580809948
1597809822
1587709443
1538009940
1504409089
1522009898
1580309003
1573309098
1584709982
1522009949
1509909002
1534409282
1539009932
1544809394
1544009702
1578309940
1544809033
1544209722
1500309732
1534709223
1592009387
1524209002
1530209004
1522409049
1589009242
1588309472
1582209082
1509309733
1547209948
1594409440
1503009473
1578209088
1598709399
1590309440
1522809437
1573709244
1533409873
1527709087
1594009478
1537009949
1580909927
1589709400
1523409733
1533909899
1587909923
1529909979
1599809447
1544009387
1533809832
1593309804
1543709433
1529009309
1570909337
1533809302
1507709987
1572209909
1583209927
1593009908
1524009279
1594409934
1599209770
1589909793
1500909729
1532809800
1589909808
1588409372
1547709242
1538009920
1522409823
1530209400
1522809788
1583709722
1537009242
1503009300
1549409943
1528909488
1573009280
1523009398
1540709929
1502009004
1532209348
1539809440
1588409723
1570909422
1570709227
1503409928
1570809300
1588409887
1589009339
1508309220
1587809799
1537209833
1597009243
1583009388
1504009293
1578409779
1544009900
1549909094
1583009920
1543309447
1503309090
1599809239
1522009947
1543909778
1599809739
1523809774
1587309009
1532009074
1509009798
1588209242
1579709907
1599009024
1573009082
1507709329
1598809402
1574909088
1537309488
1597009899
1500309247
1578009489
1543409700
1592009043
1500409708
1509709344
1593809007
1582709977
1598009804
1539709937
1597009703
1508209499
1532209738
1592009388
1527209938
1584709003
1528009493
1577409708
1503309248
1507209884
1588709238
1598809328
1530709044
1594009703
1593209927
1592209074
1502209479
1532409227
1578909223
1544909077
1523009723
1572009307
1548809297
1509809947
1598809828
1583309247
1587709079
1599209970
1578209943
1533809299
1508809800
1507909942
1528909979
1538009922
1572909224
1579009738
1538009909
1529309223
1592909228
1524909224
1529009442
1589009774
1524209722
1532009202
1583309392
1592009787
1597709308
1539909383
1574409804
1533009404
1588009982
1534009489
1508309984
1522909923
1579209499
1539009089
1572309932
1537209779
1547709399
1598809700
1509909348
1530209882
1509909400
1508809707
1539809920
1523309323
1599809498
1598209339
1509309443
1548009232
1508909004
1500709400
1500209237
1572009497
1538209300
1530309973
1589009274
1547409224
1524809448
1579209388
1599009789
1584309988
1592209773
1578809039
1592409800
1572209482
1522009728
1547709443
1508709488
1528009979
1504709337
1548809374
1593709300
1598009887
1570309880
1547709433
1537909334
1527709387
1598709903
1533209928
1543809929
1508009389
1574709488
1527909799
1598709277
1578809008
1588309072
1589009233
1537009234
1577309238
1500809894
1573009474
1522709082
1507409833
1530409882
1532809933
1570709973
1520809982
1500809240
1538909224
1522709340
1534009730
1529909827
1589009392
1574009497
1597309970
1589909349
1594009394
1507309934
1587809883
1598709987
1538809404
1549409977
1522409320
1500309878
1577209224
1570309227
1520309932
1583309303
1532909977
1599409704
1524409884
1574409944
1533709040
1572009203
1587809433
1597009482
1598909779
1523209909
1579209338
1508809488
1537209908
1528809492
1580909770
1574309007
1502209739
1574009943
1500709380
1532209342
1504009037
1592309003
1597209044
1539909322
1523809942
1523909987
1537409440
1599209889
1539009782
1538809297
1572709722
1502209204
1588309343
1588309493
1539809334
1537809422
1502409499
1544209879
1540709978
1582809799
1507709080
1593009403
1587409099
1544209899
1599409027
1574309447
1500909703
1579409244
1549309440
1509809477
1592209700
1529909490
1507309337
1589809907
1533709434
1577209773
1547309982
1522009984
1542909388
1587909088
1583009490
1582409909
1570309929
1572009088
1529909342
1599009734
1573909822
1507409940
1502209448
1534009327
1598009780
1589309833
1534409932
1539909234
1529909290
1592209339
1542009873
1588709879
1592309433
1589409928
1577809379
1544009327
1508709422
1572709822
1528809404
1579009833
1574709904
1524309902
1588209499
1587309330
1588209828
1593809938
1589209900
1593009979
1549309884
1534209337
1527909388
1587309002
1543309289
1584409404
1590409433
1542909022
1523309770
1502709277
1587709097
1548709937
1589909097
1542209200
1587909908
1582209734
1533809890
1527209972
1534009907
1500909824
1523309284
1509709908
1574909447
1588709479
1570809932
1524809923
1599009203
1500709800
1549409300
1529909773
1504309972
1529909239
1542009394
1522009807
1548409448
1597909884
1507809722
1534709980
1597709730
1579209884
1539209949
1574409042
1508409947
1573009823
1507809948
1523809889
1538009847
1507909977
1570309007
1524909980
1570409928
1598009072
1504309033
1548809802
1534309733
1534409494
1548909933
1502809977
1528309330
1573009244
1522009799
1578809947
1507209722
1583209978
1524409384
1537809077
1527309942
1598309908
1537009447
1533209342
1582009297
1507709403
1598009227
1502709422
1598909944
1544309770
1539909892
1508309339
1539909473
1507309949
1500209344
1544009034
1548809780
1593909799
1527809973
1527409920
1598009392
1504409842
1547709707
1580909344
1524009900
1544209830
1577009008
1574409284
1538009407
1574409044
1534009708
1549309003
1574009074
1533909240
1584409042
1584009479
1548309288
1527309882
1547809477
1507009233
1587209974
1592809788
1522709302
1534009380
1504409442
1579709044
1528409889
1520809088
1548709377
1598009237
1533909903
1533709088
1530209907
1549309844
1529009728
1529909202
1579009748
1532809200
1593809344
1599009307
1578309800
1594809909
1593809934
1537709873
1549009824
1538809380
1582009322
1577009943
1548709844
1533009327
1527009492
1527009009
1503009882
1578909700
1599009948
1522709323
1542009033
1543909770
1572409334
1528909987
1527709228
1538009078
1527009730
1587009203
1542009774
1509009702
1587409733
1520209920
1574909009
1520809833
1504409942
1500409784
1577309798
1538009773
1533709494
1572909722
1508709400
1538009727
1533009940
1534009488
1590909338
1508809988
1589409288
1592009702
1573009737
1507909949
1599709374
1533209400
1502709224
1534709433
1594009234
1537409973
1579909932
1589909239
1537709909
1599409304
1573009329
1544909029
1543009778
1542709822
1547709434
1504709007
1548009478
1599809208
1528809828
1544809722
1522709978
1589909937
1509809772
1598409344
1599209482
1570209929
1574909944
1594209442
1590209980
1578709233
1572409009
1542009324
1598209433
1573209877
1582309927
1572009383
1549709974
1508409224
1574009393
1549709224
1504009370
1503009827
1544209474
1577309820
1542909233
1589009090
1583909700
1578309884
1548209774
1544909343
1572009703
1520809488
1593209004
1544309932
1570309774
1524709944
1532009900
1544909478
1583909499
1500909278
1592209404
1528209779
1502709877
1534709928
1570809927
1532209248
1533009709
1577309937
1533809748
1534409083
1572009923
1532209800
1549209228
1539909337
1534009409
1577809773
1577809430
1587209899
1570309448
1509209988
1532909927
1594309900
1520409977
1578309920
1500809937
1508809499
1533909709
1593009824
1528709022
1583309432
1504909339
1573909449
1524009398
1598009787
1544709709
1597909330
1540909223
1584009702
1578209979
1503209907
1500809478
1579409344
1572409987
1504009290
1547009927
1598809784
1587709074
1522709848
1509009447
1532209909
1537009299
1537209800
1597009082
1527709880
1539909207
1540809448
1597209942
1520909979
1544909499
1508009382
1529309977
1533809498
1543009879
1509009270
1528809703
1533809089
1530309887
1599409280
1574809422
1572309088
1579209988
1508409477
1588909337
1530909779
1584009889
1544809099
1578009374
1573009003
1592409422
1544909779
1598809438
1522809430
1527209002
1542209284
1572409929
1577309744
1544209323
1584209277
1543009929
1528709940
1500809327
1548209227
1590209224
1544009394
1504009890
1548809094
1533009070
1500209430
1503309988
1590309822
1529909044
1588709082
1584409392
1580309700
1593009428
1529209928
1537709479
1577809902
1570709337
1590309937
1593709939
1584909007
1587709740
1549409947
1537809442
1574009340
1587009230
1589009404
1507909927
1594809883
1538909002
1577409384
1530309978
1533809003
1523209244
1542209940
1533909797
1582009704
1533409732
1548809799
1542009840
1588009844
1584709388
1548009040
1579209982
1507009288
1530909007
1534909044
1508809729
1523009342
1523009787
1520909909
1594409303
1542209072
1500309202
1573009397
1583709984
1599209897
1592209279
1544909749
1507309220
1507309088
1598009470
1503409920
1547409833
1572009724
1543009007
1540809929
1523009302
1590309988
1528809730
1547709982
1570309947
1599009293
1522309739
1500709280
1529209009
1588309032
1548809700
1500709740
1522809943
1534809330
1543309232
1578009877
1527009943
1577209948
1522409834
1543009244
1584709488
1590409330
1530709927
1589709330
1570309982
1507809987
1529309477
1529009908
1544709739
1598209939
1540909939
1533809932
1573909880
1538809399
1542209928
1537409972
1523009490
1503809220
1529209944
1594009798
1588909209
1508809077
1528809392
1577209873
1532209848
1574009290
1549909770
1544309034
1500209334
1572409909
1578209778
1523009083
1544809808
1587909033
1573009429
1500409492
1537009273
1500209749
1523009382
1509009283
1508809983
1592909844
1540809733
1532809770
1572209803
1508809048
1544809890
1529909843
1577409487
1574809244
1599409739
1589409939
1527309900
1573009793
1594409704
1500809282
1528809974
1547709438
1508009278
1532309973
1572309773
1579309770
1538809247
1592009348
1573009978
1500409900
1593809973
1588909730
1522809298
1598409334
1584709399
1509709228
1588409393
1572209298
1583009970
1540309920
1592709923
1594009342
1522009397
1584009230
1549909329
1533709893
1599309943
1522309743
1539709700
1599209272
1577009242
1532409949
1577009478
1579409973
1502009299
1577409097
1528709227
1598909334
1530309433
1523009838
1597409399
1597709404
1509809907
1583709224
1598309944
1599309223
1522909727
1593009779
1500809209
1524709882
1572009737
1577009723
1537409932
1524009978
1534409037
1534909933
1534409300
1543809200
1538409904
1589309944
1593409377
1522009343
1599809484
1594209088
1538809430
1584909924
1527909929
1508809004
1520709989
1524709948
1574409378
1549409949
1532009087
1530409220
1543009289
1588909724
1507209942
1584909877
1538809427
1599809202
1597409822
1523309428
1529309972
1533809203
1577909097
1530209077
1532709899
1583009442
1573309349
1503409929
1532309903
1528809274
1500909448
1543309340
1524009080
1534009733
1502209284
1529909328
1597909322
1573309820
1500309482
1573209077
1532209708
1544909272
1598309887
1570909778
1500809099
1542009907
1532409322
1590709004
1583309297
1522709949
1528809038
1579209700
1538809829
1574309008
1544809909
1570309833
1544909778
1572209393
1533709882
1534409483
1588409034
1527309983
1502209007
1578009823
1578409772
1533209838
1540409933
1599209894
1598209799
1582009439
1574309900
1579309422
1578309907
1548209887
1544009427
1527009043
1547909733
1534909929
1538909927
1544809387
1533809778
1578409977
1584809970
1522009987
1543009229
1527009392
1503909887
1532209839
1597309880
1538809734
1599409804
1580809002
1543009004
1533409377
1547009782
1597709772
1502209920
1538009037
1533209829
1589009893
1579209399
1504009734
1502909722
1502209242
1502209443
1587009008
1504409334
1542009409
1547709007
1593309848
1524409097
1573009789
1578709988
1539409928
1598809032
1584409704
1547309022
1524009794
1593009498
1578409277
1502809220
1533809393
1572209488
1522009744
1594809988
1584909448
1599309042
1587209288
1587009293
1590909773
1584409923
1504009828
1583009708
1544309497
1542209447
1582309224
1574409774
1542009003
1599409078
1542809488
1533209204
1502009422
1548309987
1597009399
1584009303
1537209200
1547709938
1574009728
1508009289
1524309977
1542009808
1538809088
1534209970
1572709922
1527009479
1583309984
1542009833
1594009388
1579009078
1500409392
1533709073
1548809728
1584209003
1548209903
1544909489
1583309437
1587009248
1500209808
1533009399
1538909978
1539809882
1599309797
1589909087
1597009303
1574409033
1544309047
1577309470
1580209224
1507309300
1583009947
1589009094
1597009724
1533209702
1577309043
1527209033
1578409930
1502309299
1527809770
1588009092
1579009487
1574009233
1574409733
1549909008
1528209922
1532409772
1582009020
1584409820
1530209920
1523309930
1542209840
1544009783
1530209244
1593009488
1594409379
1598009384
1577809790
1504009283
1500209422
1543009390
1500309088
1533909822
1524009230
1523009400
1533909783
1583409788
1522709987
1594709882
1530909788
1587809722
1582209790
1529009042
1588709789
1572009799
1588309473
1507809229
1588409987
1548809099
1587309022
1584009047
1592809983
1537009087
1507709797
1599809740
1582809339
1500409022
1599309324
1543309879
1573909228
1599009478
1540409923
1502709233
1534309377
1544009092
1584409984
1592009783
1538009708
1572209889
1598809880
1532709433
1500209029
1523809887
1544709483
1579909442
1504009387
1582209820
1527709797
1542309033
1584909223
1579309934
1578209799
1542009930
1533009807
1537209399
1527409224
1520909003
1592209897
1507309978
1597309388
1592009270
1598909877
1520209937
1589709989
1598009770
1530409984
1507309833
1538009283
1527809772
1533809983
1593309073
1523009277
1522909292
1539009774
1597309400
1584009838
1544309482
1573009099
1548709399
1589009948
1589909733
1590909008
1547709988
1574009377
1528709988
1538009824
1504309443
1598809388
1590809909
1539909793
1509309088
1507909422
1578409388
1508709904
1574309200
1530409447
1544009484
1522409090
1539409338
1530709220
1573909924
1578409883
1537209223
1597809002
1579809904
1544009042
1509209488
1522709229
1599309038
1549709770
1504409493
1577909880
1539409700
1538209770
1590209927
1540409448
1528809903
1500809384
1528809834
1592009329
1530409928
1548009377
1533709242
1534009040
1509909430
1504309442
1544009283
1543009278
1532809448
1527409979
1540209972
1523009830
1539709300
1584009287
1528209337
1597009332
1533209287
1543309702
1593709400
1508709907
1570209004
1544909982
1533709824
1578009204
1533209827
1523709338
1530909388
1523309300
1547009720
1592709932
1577809299
1520709008
1599009827
1599309734
1523809022
1584809002
1522009429
1534309970
1527709749
1578409007
1527709984
1598909947
1590409499
1598909733
1500809778
1572709332
1578809097
1588309904
1534009082
1597009823
1500209887
1589009277
1528809430
1548009848
1529909074
1580209200
1588009874
1573009927
1529209334
1579009094
1509709987
1530909883
1544009499
1509009233
1533709988
1533209039
1579409722
1577409939
1593309434
1544909828
1509309877
1503009433
1578909933
1537709228
1572809447
1598009278
1509009929
1529709009
1588909744
1537009939
1587209922
1583309890
1592309800
1537009934
1504409437
1599709702
1528709984
1578009424
1533209773
1588309322
1523009392
1544809732
1583009283
1500409404
1533409432
1503809233
1520909224
1589009342
1534709033
1533009087
1578909007
1588909434
1537709432
1588009778
1534409823
1533009493
1587409233
1544309284
1544209397
1507809388
1594009030
1573309002
1528809494
1503009808
1542209397
1599709944
1509009982
1593309078
1520409937
1593809433
1537009780
1599409440
1500809893
1509309933
1544709078
1543309243
1508809400
1500309429
1573209229
1522809080
1504009879
1503909883
1599009972
1588709043
1527909770
1503009409
1537709209
1527709249
1549009044
1584809447
1503309349
1577209274
1572009742
1522909909
1507009703
1542209942
1582009984
1587009893
1509809937
1527309920
1528909970
1509409799
1527409277
1589009340
1543309387
1598009942
1543909774
1549909880
1544309070
1593309903
1549709833
1587909989
1540909488
1574209200
1594409323
1577409903
1582409904
1524909477
1548009300
1533709470
1592209728
1544809704
1523809989
1523209228
1504009377
1543709224
1532209832
1599409422
1547709708
1572709442
1592209278
1520909477
1599309400
1537209299
1500209803
1522409808
1523309979
1500709343
1542709099
1534309007
1570209778
1508809484
1542309974
1588009943
1589809983
1578209388
1547009799
1543309074
1532209237
1549409033
1579009843
1503009489
1570809940
1572009298
1579309880
1522809722
1542209287
1529209902
1500209442
1574909889
1588309899
1572009409
1524009877
1527809844
1544709322
1507709772
1592809982
1573009903
1523309208
1540309943
1523009494
1577409428
1544209322
1580809224
1532009298
1582309700
1533909809
1507009407
1592709499
1537009784
1508809293
1574409303
1597809833
1500309927
1570909488
1592709974
1582409700
1578309943
1503009899
1524009930
1504009430
1524409090
1547709403
1547709974
1599409300
1500309748
1500409949
1504309920
1523909277
1573709944
1534009072
1579909987
1577809924
1504409499
1572209208
1534409322
1570409744
1542309979
1543309334
1578809707
1582209223
1538009493
1598209244
1598009337
1544909223
1540909044
1544709244
1534409894
1507409400
1529809979
1590909972
1588309823
1598009439
1589009309
1548009490
1590309973
1592409788
1503009734
1588209942
1527909344
1507809923
1504809880
1598809089
1588209434
1500809887
1522709272
1543409488
1599709287
1592209083
1548209244
1547209903
1523309747
1547009498
1599709807
1538809733
1532809228
1588009443
1529309077
1522009098
1590209422
1594409249
1544809240
1577309373
1593009088
1532209244
1509409844
1502009292
1583909229
1538809890
1530409904
1534009402
1508009308
1583009849
1593009838
1543809339
1579809887
1597009798
1538909920
1523409772
1503009749
1589309903
1507009073
1528909447
1504309233
1534809088
1522409920
1549009297
1504209700
1537409344
1544709337
1538009878
1549309322
1524209877
1524409900
1534209399
1502009499
1593009330
1574009304
1592209474
1537709492
1544009972
1582209433
1547709787
1540409332
1597709094
1582009904
1504009498
1599309024
1532209433
1589409277
1590709833
1594309200
1520809983
1592009279
1587309902
1540409924
1522009089
1500309487
1544709309
1583009374
1530309044
1572209280
1520709338
1503309723
1520809244
1548009289
1528209033
1502709774
1524009224
1530409228
1544309339
1573409022
1588409449
1582009983
1509409477
1524709922
1523309779
1539209799
1537709344
1573309087
1582209293
1508009778
1507309889
1534009880
1549809322
1584309984
1579009823
1577009899
1522009738
1523309304
1504409989
1527009339
1504209300
1582909907
1534209977
1529209400
1522809377
1507809744
1504009003
1544209707
1504409273
1500809424
1522709870
1534409828
1509909738
1527809908
1542409288
1508209088
1594409433
1593909922
1579809200
1523209984
1599309747
1577909027
1500709044
1549709989
1590909943
1502009274
1598009704
1577009940
1528209942
1522409944
1584009380
1574409778
1598009789
1508409440
1503309927
1523009739
1507209227
1580709339
1589009842
1543709880
1572709887
1580409044
1594309223
1534009472
1572809899
1509009329
1589709477
1508409002
1542209239
1597409700
1534009093
1530209330
1577809003
1599209942
1599409402
1524809773
1594409094
1572009983
1599809230
1527809934
1533709908
1594409330
1537709842
1577209070
1590409744
1593409932
1577009493
1522909472
1588709072
1522709099
1533009908
1539909783
1589409899
1543409004
1540909983
1588409739
1500209300
1542009237
1509409733
1573909007
1508909799
1534009372
1504309902
1597909883
1500209337
1548009274
1532009330
1528409338
1533209099
1593709788
1528009748
1549309882
1549409904
1529909742
1572709988
1539409449
1597709804
1508009433
1598009700
1544709049
1503709908
1542409949
1570409447
1574009894
1500709772
1547809088
1587209799
1522709499
1589209077
1500909482
1599809300
1539809844
1574409927
1599009320
1583209088
1598709448
1544309397
1539909707
1590909233
1509009090
1500809329
1599309889
1537009704
1549809987
1589209007
1504309909
1533409728
1533809278
1538709332
1523309437
1504409392
1522809303
1570209044
1572809887
1580709337
1500309323
1533409494
1532009347
1533009030
1523009379
1503409442
1507309288
1500409887
1543309944
1509309277
1537409800
1592209432
1502009002
1537909822
1509309799
1579209330
1532009799
1542209742
1532909907
1522809492
1582309844
1548409908
1592009807
1583009944
1538009874
1523009088
1592209873
1502009238
1540409978
1538809309
1588009890
1547709774
1587909788
1574309077
1548009902
1529009433
1570409927
1577009482
1577409447
1534209920
1527809077
1532709224
1597709089
1599809978
1570809973
1547309779
1509809908
1538209033
1579409799
1507309744
1578209770
1520809227
1599809974
1529009988
1573009939
1597809449
1588209234
1504309788
1579009070
1540809987
1537309422
1532909943
1520709433
1588409324
1577809847
1533909077
1594009878
1599209094
1503309233
1599309748
1502309332
1549709200
1584809929
1588909833
1580909388
1587209004
1573309724
1530309902
1532209394
1520709440
1522709078
1522409048
1574009228
1523809924
1533209792
1500409829
1548309883
1543309980
1520409987
1579209938
1588009439
1592209394
1504009938
1503309823
1588909307
1582009837
1533809007
1592009870
1528409044
1570809334
1599409732
1504809422
1592009342
1547009822
1534009734
1598409009
1587909288
1537009977
1540709779
1579709448
1570909980
1500709449
1509809447
1528409984
1524209977
1544809020
1548009443
1599409093
1599709849
1524309988
1508009220
1599409727
1544009032
1578009909
1593009282
1588209873
1500409007
1509909029
1548009939
1578009047
1584009887
1537009238
1500209703
1579209077
1529009704
1577809743
1542809927
1577209472
1532709833
1504009807
1588709004
1588709288
1589009427
1529909439
1507409003
1543309220
1524709200
1544009909
1503309339
1592709334
1532909938
1507309932
1529809773
1544209829
1577409292
1570909449
1592709942
1539709887
1598409979
1587409244
1539009808
1528209882
1572009907
1592709983
1598009344
1500909249
1587709720
1508809204
1593009382
1598209332
1532009372
1544809373
1592909499
1582209239
1507009493
1578309338
1529709300
1580909988
1589909844
1533409834
1572009047
1570809288
1579909798
1529309927
1533909922
1593309372
1572009804
1502309339
1542709499
1580409400
1574409893
1504709882
1509009079
1599709207
1509709433
1520809099
1502709220
1500209439
1533409842
1542909988
1587209399
1530809987
1502709447
1589309924
1579009907
1572409422
1549009373
1500309923
1590209088
1527709207
1579809778
1578009808
1542209833
1573309793
1588009223
1522309877
1522409449
1597909433
1537209004
1543809939
1582709442
1588709893
1527709792
1583209944
1579009982
1533809722
1503009408
1527709789
1579309774
1503309803
1542309882
1538009438
1539909749
1592309923
1533909292
1583009344
1544709044
1582909984
1500909878
1573009247
1590209978
1523009429
1534009370
1579209924
1574409430
1577409307
1528409978
1502709947
1590309077
1500809773
1577809949
1583009829
1577309790
1509709244
1537709094
1520809077
1524009390
1532009302
1529909294
1503809778
1532209382
1537809932
1528209443
1533709737
1547009402
1500909397
1542009390
1543909779
1533009843
1594009722
1542209378
1574409004
1542209842
1508409443
1533909303
1500409928
1537909200
1583709927
1507709828
1533909302
1590709883
1529909949
1534009447
1582009243
1589009099
1598809727
1577009778
1549909237
1577009982
1533709707
1589009394
1577009702
1528009938
1594309770
1597409970
1534409439
1593809773
1509909370
1598809732
1579009840
1593309940
1547709739
1520309884
1502209984
1588709223
1500409790
1547709488
1572409443
1582709399
1547009030
1574809388
1523309390
1542209223
1588009899
1537309773
1522309409
1582309440
1530709007
1540309002
1547809907
1520809902
1503409937
1587009789
1527009293
1539009039
1574209377
1520309288
1594409880
1524709223
1582009407
1579209889
1509809003
1583209220
1588709808
1572009709
1503309300
1544309879
1587209977
1588009827
1597009949
1547009780
1594009337
1503009209
1593309039
1540209337
1538409973
1507809934
1520409940
1522909342
1574809889
1587709320
1503309437
1508309983
1532309844
1588209830
1540909800
1542209007
1520709947
1500309223
1577909482
1538709277
1528809238
1587009847
1532009293
1522409397
1588909437
1534309833
1504409028
1544009422
1582209799
1533209784
1599209224
1592009478
1577409772
1577409078
1592209499
1537409772
1520209009
1503809488
1503309308
1527909220
1542009943
1532209343
1573909930
1574009404
1527009982
1502409800
1544209203
1580409388
1538909443
1597209700
1502309200
1542009202
1573409772
1543209902
1572809433
1547709424
1508709433
1537009938
1584309488
1503009398
1599809839
1577409388
1593409228
1502009228
1543709903
1523009373
1508809474
1533209438
1520809989
1588909824
1542209343
1583409877
1579009443
1544009234
1529909787
1507709224
1520209344
1534309227
1533909234
1522409224
1533409320
1594809344
1549909988
1507909882
1589709744
1524409809
1532009820
1528909972
1584409209
1533909347
1549909277
1509009824
1589009809
1577009308
1598909004
1549309773
1570209722
1532209472
1582209723
1592209787
1587909377
1543009404
1540909433
1599009284
1500809030
1508809948
1529709943
1592409920
1573809499
1593009828
1503209033
1594409298
1594009340
1502009287
1578709979
1590909932
1522409278
1507309033
1597309449
1537209902
1590909987
1542009080
1540209433
1599209490
1504009488
1583309330
1500809740
1597809899
1508809080
1544709342
1597909447
1503209877
1592809949
1572009277
1537809227
1547309949
1577909309
1579809733
1533209743
1592309947
1529809939
1523009092
1507709899
1593009373
1544709790
1588009283
1524909442
1572209032
1509009874
1578309844
1548209300
1507709822
1588009937
1592409099
1574009309
1522309728
1529209982
1572309733
1542209878
1543009029
1533209770
1509709949
1542709978
1542909477
1589009334
1587709787
1588409803
1598009387
1522809723
1524009044
1597009874
1542209009
1588409007
1577909798
1534409702
1500809772
1588909894
1547909973
1544009440
1533809873
1549009929
1504009477
1539709099
1503709773
1523709228
1588709473
1582909904
1542709799
1533409388
1597709090
1523309489
1502009909
1522009270
1547009278
1500309427
1547809443
1527409902
1594009800
1532409988
1502909979
1592409833
1592009389
1589809344
1588209239
1507909984
1583809988
1594009782
1549709288
1503009702
1538009499
1578909229
1580309744
1548009824
1504909499
1500809774
1507709909
1503009820
1500209897
1500209804
1529809299
1548009384
1597009987
1538209733
1588209208
1532009940
1572409939
1504209983
1523809008
